0,0,-9
0,1,-9
0,2,-11
0,3,-12
0,4,-12
0,5,-13
0,6,-13
0,7,-13
0,8,-14
0,9,-14
0,10,-14
0,11,-14
0,12,-12
0,13,-9
0,14,-9
0,15,-8
0,16,-8
0,17,-7
0,18,-7
0,19,-6
0,20,-5
0,21,-4
0,22,-2
0,23,-2
0,24,-1
0,25,0
0,26,1
0,27,2
0,28,3
0,29,4
0,30,4
1,0,-10
1,1,-10
1,2,-11
1,3,-12
1,4,-13
1,5,-13
1,6,-13
1,7,-13
1,8,-14
1,9,-14
1,10,-14
1,11,-14
1,12,-11
1,13,-10
1,14,-9
1,15,-9
1,16,-8
1,17,-8
1,18,-7
1,19,-6
1,20,-5
1,21,-4
1,22,-3
1,23,-2
1,24,-1
1,25,0
1,26,0
1,27,2
1,28,2
1,29,3
1,30,2
1,31,4
2,0,-11
2,1,-12
2,2,-12
2,3,-12
2,4,-12
2,5,-13
2,6,-13
2,7,-13
2,8,-14
2,9,-14
2,10,-14
2,11,-12
2,12,-9
2,13,-9
2,14,-9
2,15,-8
2,16,-8
2,17,-8
2,18,-8
2,19,-7
2,20,-6
2,21,-4
2,22,-3
2,23,-2
2,24,-2
2,25,-1
2,26,0
2,27,0
2,28,1
2,29,1
2,30,2
2,31,2
2,32,3
2,33,3
3,0,-10
3,1,-11
3,2,-12
3,3,-13
3,4,-12
3,5,-13
3,6,-13
3,7,-12
3,8,-12
3,9,-11
3,10,-11
3,11,-11
3,12,-9
3,13,-9
3,14,-8
3,15,-8
3,16,-8
3,17,-9
3,18,-8
3,19,-7
3,20,-5
3,21,-4
3,22,-3
3,23,-3
3,24,-2
3,25,-2
3,26,-2
3,27,0
3,28,0
3,29,1
3,30,1
3,31,2
3,32,3
3,33,3
3,34,3
3,35,3
4,0,-12
4,1,-12
4,2,-13
4,3,-12
4,4,-13
4,5,-13
4,6,-13
4,7,-12
4,8,-11
4,9,-11
4,10,-11
4,11,-8
4,12,-8
4,13,-9
4,14,-9
4,15,-9
4,16,-9
4,17,-9
4,18,-7
4,19,-6
4,20,-5
4,21,-5
4,22,-4
4,23,-3
4,24,-3
4,25,-3
4,26,-1
4,27,0
4,28,0
4,29,1
4,30,1
4,31,2
4,32,2
4,33,3
4,34,3
4,35,3
4,36,2
5,0,-11
5,1,-11
5,2,-13
5,3,-13
5,4,-13
5,5,-13
5,6,-13
5,7,-12
5,8,-12
5,9,-10
5,10,-9
5,13,-8
5,14,-10
5,15,-8
5,16,-8
5,17,-8
5,18,-8
5,19,-7
5,20,-6
5,21,-5
5,22,-4
5,23,-3
5,24,-4
5,25,-3
5,26,-1
5,27,-1
5,28,0
5,29,0
5,30,1
5,31,1
5,32,3
5,33,3
5,34,2
5,35,3
5,36,2
6,0,-11
6,1,-13
6,2,-12
6,3,-12
6,4,-13
6,5,-13
6,6,-13
6,7,-13
6,8,-10
6,9,-11
6,10,-9
6,11,-9
6,13,-9
6,14,-10
6,15,-10
6,16,-8
6,17,-9
6,18,-8
6,19,-7
6,20,-6
6,21,-5
6,22,-5
6,23,-5
6,24,-4
6,25,-2
6,26,-2
6,27,-1
6,28,0
6,29,0
6,30,1
6,31,0
6,32,2
6,33,2
6,34,2
6,35,2
6,36,2
6,37,1
7,0,-11
7,1,-12
7,2,-12
7,3,-13
7,4,-13
7,5,-13
7,6,-12
7,7,-11
7,8,-10
7,9,-9
7,10,-9
7,11,-10
7,12,-12
7,13,-10
7,14,-10
7,15,-9
7,16,-10
7,17,-10
7,18,-9
7,19,-8
7,20,-7
7,21,-6
7,22,-5
7,23,-4
7,24,-4
7,25,-3
7,26,-2
7,27,-1
7,28,0
7,29,-1
7,30,0
7,31,0
7,32,2
7,33,2
7,34,2
7,35,2
7,36,2
7,37,2
7,38,3
7,39,3
8,0,-11
8,1,-11
8,2,-11
8,3,-11
8,4,-13
8,5,-11
8,6,-12
8,7,-10
8,8,-10
8,9,-11
8,10,-11
8,11,-11
8,12,-10
8,13,-11
8,14,-10
8,15,-10
8,18,-9
8,19,-9
8,20,-7
8,21,-6
8,22,-5
8,23,-5
8,24,-4
8,25,-3
8,26,-2
8,27,-2
8,28,-2
8,29,-1
8,30,0
8,31,1
8,32,2
8,33,2
8,34,2
8,35,2
8,36,2
8,37,2
8,38,3
8,39,3
8,40,3
9,0,-11
9,1,-12
9,2,-12
9,3,-12
9,4,-11
9,5,-11
9,6,-12
9,7,-13
9,8,-14
9,9,-13
9,10,-14
9,11,-13
9,12,-14
9,13,-12
9,14,-12
9,16,-11
9,18,-11
9,19,-9
9,20,-8
9,21,-7
9,22,-7
9,23,-6
9,24,-5
9,25,-4
9,26,-3
9,27,-2
9,28,-2
9,29,-1
9,30,-1
9,31,1
9,32,1
9,33,2
9,34,2
9,35,2
9,36,2
9,37,2
9,38,1
9,39,4
9,40,4
10,0,-12
10,1,-12
10,2,-11
10,3,-11
10,4,-13
10,5,-14
10,6,-15
10,7,-14
10,8,-14
10,9,-15
10,10,-16
10,11,-16
10,12,-15
10,13,-15
10,14,-14
10,15,-14
10,16,-13
10,17,-13
10,18,-12
10,19,-11
10,20,-9
10,21,-8
10,22,-7
10,23,-7
10,24,-6
10,25,-5
10,26,-4
10,27,-4
10,28,-3
10,29,-2
10,30,0
10,31,1
10,32,1
10,33,2
10,34,2
10,35,1
10,36,1
10,37,2
10,38,3
10,39,3
10,40,3
10,41,4
11,0,-12
11,1,-13
11,2,-11
11,3,-13
11,4,-14
11,5,-15
11,6,-13
11,7,-16
11,8,-17
11,9,-17
11,10,-16
11,11,-16
11,12,-17
11,13,-16
11,14,-17
11,15,-17
11,16,-17
11,17,-17
11,18,-14
11,19,-13
11,20,-11
11,21,-10
11,22,-8
11,23,-8
11,24,-7
11,25,-6
11,26,-4
11,27,-4
11,28,-2
11,29,-1
11,30,0
11,31,0
11,32,1
11,33,0
11,34,1
11,35,1
11,36,1
11,37,2
11,38,3
11,39,3
11,40,3
11,41,4
11,42,6
11,43,6
12,0,-14
12,1,-14
12,2,-13
12,3,-14
12,4,-14
12,5,-14
12,6,-15
12,7,-17
12,8,-19
12,9,-18
12,10,-17
12,11,-18
12,12,-18
12,13,-17
12,14,-19
12,15,-21
12,16,-19
12,17,-19
12,18,-16
12,19,-15
12,20,-12
12,23,-8
12,24,-8
12,25,-5
12,26,-4
12,27,-4
12,28,-3
12,29,-2
12,30,-1
12,31,0
12,32,-1
12,33,0
12,34,0
12,35,1
12,36,1
12,37,1
12,38,2
12,39,3
12,40,3
12,41,4
12,42,5
12,43,6
12,44,7
13,0,-14
13,1,-12
13,2,-13
13,3,-13
13,4,-15
13,5,-16
13,6,-20
13,7,-19
13,8,-19
13,9,-20
13,10,-20
13,11,-18
13,12,-19
13,13,-20
13,14,-21
13,15,-22
13,16,-24
13,17,-19
13,18,-19
13,19,-16
13,20,-14
13,22,-11
13,24,-8
13,25,-6
13,26,-6
13,27,-5
13,28,-3
13,29,-2
13,30,-1
13,31,-1
13,32,-1
13,33,0
13,34,0
13,35,0
13,36,0
13,37,2
13,38,2
13,39,3
13,40,3
13,41,4
13,42,3
13,43,6
13,44,7
13,45,8
14,0,-14
14,1,-13
14,2,-13
14,3,-16
14,4,-16
14,5,-19
14,6,-20
14,7,-23
14,8,-22
14,9,-21
14,10,-24
14,11,-23
14,12,-24
14,13,-26
14,14,-27
14,15,-30
14,16,-28
14,17,-26
14,18,-22
14,19,-21
14,20,-18
14,21,-16
14,22,-12
14,23,-10
14,24,-9
14,25,-7
14,26,-6
14,27,-5
14,28,-4
14,29,-3
14,30,-2
14,31,-3
14,32,-2
14,33,-1
14,34,-1
14,35,-1
14,36,0
14,37,2
14,38,2
14,39,2
14,40,2
14,41,3
14,42,5
14,43,5
14,44,6
14,45,7
14,46,9
15,0,-12
15,1,-16
15,2,-17
15,3,-17
15,4,-20
15,5,-21
15,6,-22
15,7,-24
15,8,-27
15,9,-29
15,10,-30
15,11,-32
15,12,-33
15,13,-34
15,14,-35
15,15,-37
15,16,-36
15,17,-33
15,18,-32
15,19,-26
15,20,-26
15,21,-20
15,22,-14
15,23,-11
15,24,-10
15,25,-10
15,26,-7
15,27,-6
15,28,-5
15,29,-4
15,30,-3
15,31,-3
15,32,-3
15,33,-2
15,34,-2
15,35,-1
15,36,0
15,37,0
15,38,1
15,39,2
15,40,2
15,41,3
15,42,5
15,43,5
15,44,6
15,45,7
15,46,9
15,47,10
16,0,-15
16,1,-18
16,2,-21
16,3,-19
16,4,-21
16,5,-24
16,6,-24
16,7,-29
16,8,-31
16,9,-34
16,10,-42
16,11,-42
16,12,-45
16,13,-41
16,14,-42
16,15,-43
16,16,-40
16,17,-38
16,18,-36
16,19,-36
16,20,-31
16,21,-26
16,22,-21
16,23,-15
16,24,-12
16,25,-10
16,26,-9
16,27,-9
16,28,-8
16,29,-5
16,30,-4
16,31,-4
16,32,-4
16,33,-4
16,34,-2
16,35,-1
16,36,-1
16,37,-1
16,38,0
16,39,1
16,40,2
16,41,3
16,42,5
16,43,5
16,44,6
16,45,7
16,46,9
16,47,9
16,48,11
17,0,-18
17,1,-20
17,2,-21
17,3,-22
17,4,-25
17,5,-26
17,6,-28
17,7,-30
17,8,-35
17,9,-44
17,10,-46
17,11,-50
17,12,-52
17,13,-47
17,14,-45
17,15,-45
17,16,-45
17,17,-42
17,18,-40
17,19,-37
17,20,-40
17,21,-33
17,22,-25
17,23,-18
17,24,-13
17,25,-11
17,26,-10
17,27,-9
17,28,-8
17,29,-7
17,30,-8
17,31,-5
17,32,-4
17,33,-4
17,34,-3
17,35,-2
17,36,-2
17,37,-1
17,38,0
17,39,1
17,40,2
17,41,4
17,42,5
17,43,5
17,44,6
17,45,7
17,46,8
17,47,10
17,48,11
18,0,-18
18,1,-22
18,2,-23
18,3,-26
18,4,-26
18,5,-29
18,6,-30
18,7,-34
18,8,-39
18,9,-47
18,10,-51
18,11,-55
18,12,-56
18,13,-56
18,14,-48
18,15,-50
18,16,-49
18,17,-46
18,18,-43
18,19,-45
18,20,-44
18,21,-42
18,22,-27
18,23,-23
18,24,-16
18,25,-13
18,26,-11
18,27,-11
18,28,-10
18,29,-8
18,30,-8
18,31,-8
18,32,-5
18,33,-5
18,34,-4
18,35,-4
18,36,-3
18,37,-1
18,38,0
18,39,1
18,40,2
18,41,4
18,42,5
18,43,6
18,44,7
18,45,7
18,46,9
18,47,10
18,48,12
18,49,12
19,0,-21
19,1,-24
19,2,-26
19,3,-27
19,4,-28
19,5,-32
19,6,-35
19,7,-40
19,8,-47
19,9,-49
19,10,-56
19,11,-58
19,12,-59
19,13,-63
19,14,-60
19,15,-54
19,16,-53
19,17,-51
19,18,-54
19,19,-51
19,20,-51
19,21,-46
19,22,-43
19,23,-28
19,24,-23
19,25,-14
19,26,-14
19,27,-12
19,28,-11
19,29,-10
19,30,-9
19,31,-9
19,32,-7
19,33,-6
19,34,-5
19,35,-4
19,36,-3
19,37,-2
19,38,-1
19,39,1
19,40,3
19,41,4
19,42,5
19,43,6
19,44,7
19,45,8
19,46,9
19,47,11
19,48,11
19,49,13
20,0,-23
20,1,-25
20,2,-27
20,3,-28
20,4,-32
20,5,-35
20,6,-39
20,7,-44
20,8,-49
20,9,-53
20,10,-59
20,11,-63
20,12,-64
20,13,-64
20,14,-64
20,15,-62
20,16,-61
20,17,-64
20,18,-63
20,19,-62
20,20,-56
20,21,-55
20,22,-44
20,23,-36
20,24,-27
20,25,-22
20,26,-17
20,27,-13
20,28,-12
20,29,-11
20,30,-9
20,31,-10
20,32,-9
20,33,-7
20,34,-5
20,35,-5
20,36,-4
20,37,-2
20,38,0
20,39,1
20,40,3
20,41,4
20,42,5
20,43,5
20,44,6
20,45,7
20,46,9
20,47,10
20,48,12
20,49,12
21,0,-25
21,1,-28
21,2,-28
21,3,-29
21,4,-32
21,5,-37
21,6,-42
21,7,-45
21,8,-56
21,9,-59
21,10,-60
21,11,-64
21,12,-64
21,13,-64
21,14,-64
21,15,-64
21,16,-64
21,17,-64
21,18,-64
21,19,-64
21,20,-64
21,21,-59
21,22,-51
21,23,-39
21,24,-33
21,25,-23
21,26,-19
21,27,-17
21,28,-13
21,29,-11
21,30,-10
21,31,-9
21,32,-9
21,33,-6
21,34,-7
21,35,-5
21,36,-3
21,37,-2
21,38,0
21,39,1
21,40,3
21,41,3
21,42,4
21,43,5
21,44,6
21,45,8
21,46,9
21,47,10
21,48,12
21,49,13
21,50,13
21,51,15
22,0,-27
22,1,-29
22,2,-29
22,3,-30
22,4,-34
22,5,-37
22,6,-42
22,7,-52
22,8,-56
22,9,-61
22,10,-61
22,11,-64
22,12,-64
22,13,-64
22,14,-64
22,15,-64
22,16,-64
22,17,-64
22,18,-64
22,19,-64
22,20,-64
22,21,-62
22,22,-57
22,23,-47
22,24,-37
22,25,-30
22,26,-23
22,27,-19
22,28,-14
22,29,-12
22,30,-11
22,31,-10
22,32,-10
22,33,-7
22,34,-6
22,35,-5
22,36,-3
22,37,-2
22,38,0
22,39,1
22,40,2
22,41,3
22,42,4
22,43,6
22,44,7
22,45,9
22,46,10
22,47,11
22,48,12
22,49,13
22,50,15
22,51,15
22,52,15
23,0,-29
23,1,-29
23,2,-30
23,3,-32
23,4,-33
23,5,-37
23,6,-44
23,7,-50
23,8,-59
23,9,-58
23,10,-63
23,11,-64
23,12,-64
23,13,-64
23,14,-64
23,15,-64
23,16,-64
23,17,-64
23,18,-64
23,19,-64
23,20,-64
23,21,-64
23,22,-62
23,23,-51
23,24,-45
23,25,-40
23,26,-33
23,27,-25
23,28,-19
23,29,-15
23,30,-13
23,31,-11
23,32,-10
23,33,-9
23,34,-6
23,35,-5
23,36,-4
23,37,-2
23,38,0
23,39,2
23,40,2
23,41,3
23,42,5
23,43,6
23,44,8
23,45,9
23,46,10
23,47,12
23,48,13
23,49,13
23,50,15
23,51,15
23,52,15
24,0,-29
24,1,-31
24,2,-31
24,3,-32
24,4,-33
24,5,-37
24,6,-44
24,7,-51
24,8,-54
24,9,-61
24,10,-63
24,11,-64
24,12,-64
24,13,-64
24,14,-64
24,15,-64
24,16,-64
24,17,-64
24,18,-64
24,19,-64
24,20,-64
24,21,-64
24,22,-64
24,23,-58
24,24,-48
24,25,-42
24,26,-36
24,27,-31
24,28,-23
24,29,-19
24,30,-16
24,31,-15
24,32,-13
24,33,-8
24,34,-5
24,35,-6
24,36,-4
24,37,-2
24,38,0
24,39,1
24,40,2
24,41,4
24,42,5
24,43,7
24,44,8
24,45,9
24,46,10
24,47,12
24,48,13
24,49,14
24,50,15
24,51,16
24,52,16
24,53,16
25,0,-30
25,1,-32
25,2,-33
25,3,-32
25,4,-35
25,5,-37
25,6,-44
25,7,-48
25,8,-57
25,9,-57
25,10,-64
25,11,-64
25,12,-64
25,13,-64
25,14,-64
25,15,-64
25,16,-64
25,17,-64
25,18,-64
25,19,-64
25,20,-64
25,21,-64
25,22,-64
25,23,-60
25,24,-53
25,25,-45
25,26,-40
25,27,-32
25,28,-25
25,29,-19
25,30,-19
25,31,-16
25,32,-14
25,33,-9
25,34,-7
25,35,-4
25,36,-3
25,37,-1
25,38,0
25,39,1
25,40,2
25,41,4
25,42,4
25,43,6
25,44,7
25,45,8
25,46,11
25,47,12
25,48,13
25,49,15
25,50,15
25,51,16
25,52,16
25,53,16
26,0,-28
26,1,-33
26,2,-34
26,3,-33
26,4,-34
26,5,-40
26,6,-45
26,7,-51
26,8,-54
26,9,-57
26,10,-63
26,11,-64
26,12,-64
26,13,-64
26,14,-64
26,15,-64
26,16,-64
26,17,-64
26,18,-64
26,19,-64
26,20,-64
26,21,-64
26,22,-64
26,23,-58
26,24,-54
26,25,-49
26,26,-41
26,27,-34
26,28,-28
26,29,-23
26,30,-19
26,31,-17
26,32,-14
26,33,-9
26,34,-6
26,36,-2
26,37,-2
26,38,0
26,39,0
26,40,1
26,41,3
26,42,4
26,43,5
26,44,7
26,45,9
26,46,11
26,47,11
26,48,13
26,49,15
26,50,15
26,51,16
26,52,15
26,53,16
27,0,-27
27,1,-31
27,2,-33
27,3,-32
27,4,-33
27,5,-38
27,6,-43
27,7,-47
27,8,-54
27,9,-55
27,10,-58
27,11,-63
27,12,-64
27,13,-64
27,14,-64
27,15,-64
27,16,-64
27,17,-64
27,18,-64
27,19,-64
27,20,-64
27,21,-64
27,22,-64
27,23,-61
27,24,-59
27,25,-50
27,26,-43
27,27,-36
27,28,-30
27,29,-22
27,30,-20
27,31,-18
27,32,-14
27,33,-11
27,34,-7
27,35,-4
27,36,-2
27,37,-2
27,38,-1
27,39,0
27,40,1
27,41,3
27,42,5
27,43,6
27,44,7
27,45,6
27,46,9
27,47,10
27,48,13
27,49,14
27,50,14
27,51,15
27,52,15
27,53,15
27,54,15
27,55,15
28,0,-25
28,1,-27
28,2,-31
28,3,-32
28,4,-31
28,5,-33
28,6,-37
28,7,-46
28,8,-45
28,9,-48
28,10,-54
28,11,-61
28,12,-64
28,13,-64
28,14,-64
28,15,-64
28,16,-64
28,17,-64
28,18,-64
28,19,-64
28,20,-64
28,21,-64
28,22,-64
28,23,-64
28,24,-58
28,25,-56
28,26,-41
28,27,-38
28,28,-31
28,29,-25
28,30,-21
28,31,-19
28,32,-14
28,33,-12
28,34,-8
28,35,-4
28,36,-3
28,37,-2
28,38,0
28,39,0
28,40,1
28,41,3
28,42,2
28,43,3
28,44,4
28,45,6
28,46,8
28,47,8
28,48,9
28,49,13
28,50,14
28,51,14
28,52,15
28,53,15
28,54,15
28,55,15
28,56,15
28,57,14
29,0,-25
29,1,-26
29,2,-28
29,3,-28
29,4,-29
29,5,-27
29,6,-37
29,7,-38
29,8,-42
29,9,-47
29,10,-47
29,11,-52
29,12,-61
29,13,-64
29,14,-64
29,15,-64
29,16,-64
29,17,-64
29,18,-64
29,19,-64
29,20,-64
29,21,-64
29,22,-64
29,23,-63
29,24,-64
29,25,-59
29,26,-54
29,27,-39
29,28,-36
29,29,-33
29,30,-29
29,31,-23
29,32,-18
29,33,-15
29,34,-11
29,35,-8
29,36,-5
29,37,-2
29,38,-1
29,39,0
29,40,-1
29,41,1
29,42,1
29,43,3
29,44,5
29,45,6
29,46,6
29,47,7
29,48,8
29,49,10
29,50,11
29,51,14
29,52,14
29,53,14
29,54,15
29,55,15
29,56,14
29,57,14
29,58,13
30,0,-25
30,1,-24
30,2,-25
30,3,-25
30,4,-25
30,5,-25
30,6,-28
30,7,-36
30,8,-34
30,9,-36
30,10,-45
30,11,-44
30,12,-52
30,13,-59
30,14,-64
30,15,-64
30,16,-64
30,17,-64
30,18,-64
30,19,-64
30,20,-64
30,21,-64
30,22,-64
30,23,-64
30,24,-64
30,25,-63
30,26,-57
30,27,-48
30,28,-37
30,29,-33
30,30,-29
30,31,-27
30,32,-22
30,33,-18
30,34,-15
30,35,-14
30,36,-9
30,37,-5
30,38,-3
30,39,-3
30,40,-2
30,41,-1
30,42,1
30,43,2
30,44,3
30,45,5
30,46,5
30,47,6
30,48,7
30,49,8
30,50,11
30,51,11
30,52,14
30,53,14
30,54,15
30,55,13
30,56,14
30,57,14
30,58,13
31,0,-22
31,1,-23
31,2,-23
31,3,-23
31,4,-24
31,5,-26
31,6,-24
31,7,-30
31,8,-31
31,9,-31
31,10,-37
31,11,-39
31,12,-41
31,13,-52
31,14,-55
31,15,-58
31,16,-57
31,17,-64
31,18,-64
31,19,-64
31,20,-64
31,21,-64
31,22,-61
31,23,-64
31,24,-64
31,25,-61
31,26,-55
31,27,-47
31,28,-43
31,29,-36
31,30,-33
31,31,-32
31,32,-26
31,33,-21
31,34,-18
31,35,-15
31,36,-10
31,37,-8
31,38,-6
31,39,-4
31,40,-3
31,41,-2
31,42,-1
31,43,1
31,44,2
31,45,2
31,46,4
31,47,5
31,48,6
31,49,7
31,50,10
31,51,10
31,52,12
31,53,13
31,54,13
31,55,13
31,56,13
31,57,13
31,58,12
31,59,13
32,0,-22
32,1,-21
32,2,-24
32,3,-23
32,4,-22
32,5,-23
32,6,-22
32,7,-25
32,8,-29
32,9,-26
32,10,-30
32,11,-36
32,12,-40
32,13,-42
32,14,-49
32,15,-52
32,16,-57
32,17,-63
32,18,-64
32,19,-64
32,20,-64
32,21,-63
32,22,-61
32,23,-59
32,24,-60
32,25,-60
32,26,-55
32,27,-48
32,28,-44
32,29,-39
32,30,-36
32,31,-34
32,32,-31
32,33,-25
32,34,-26
32,35,-20
32,36,-14
32,37,-10
32,38,-9
32,39,-6
32,40,-5
32,41,-3
32,42,-2
32,43,-1
32,44,1
32,45,1
32,46,3
32,47,4
32,48,5
32,49,6
32,50,7
32,51,9
32,52,9
32,53,12
32,54,12
32,55,12
32,56,12
32,57,12
32,58,12
32,59,12
33,0,-22
33,1,-21
33,2,-21
33,3,-21
33,4,-20
33,5,-20
33,6,-21
33,7,-20
33,8,-24
33,9,-25
33,10,-26
33,11,-31
33,12,-35
33,13,-37
33,14,-38
33,15,-47
33,16,-46
33,17,-53
33,18,-60
33,19,-59
33,20,-57
33,21,-58
33,22,-56
33,23,-60
33,24,-59
33,25,-57
33,26,-54
33,27,-50
33,28,-42
33,29,-43
33,30,-40
33,31,-38
33,32,-35
33,33,-32
33,34,-32
33,35,-30
33,36,-23
33,37,-20
33,38,-16
33,39,-11
33,40,-8
33,41,-5
33,42,-3
33,43,-2
33,44,-1
33,45,0
33,46,1
33,47,3
33,48,4
33,49,4
33,50,6
33,51,8
33,52,9
33,53,11
33,54,12
33,55,12
33,56,12
33,57,12
33,58,12
33,59,12
34,0,-21
34,1,-19
34,2,-19
34,3,-18
34,4,-18
34,5,-17
34,6,-19
34,7,-20
34,8,-19
34,9,-21
34,10,-22
34,11,-23
34,12,-26
34,13,-30
34,14,-34
34,15,-36
34,16,-43
34,17,-42
34,18,-45
34,19,-46
34,20,-50
34,21,-49
34,22,-52
34,23,-54
34,24,-52
34,25,-50
34,26,-53
34,27,-47
34,28,-45
34,29,-46
34,30,-45
34,31,-40
34,32,-39
34,33,-35
34,34,-33
34,35,-33
34,36,-27
34,37,-25
34,38,-20
34,39,-17
34,40,-14
34,41,-9
34,42,-4
34,43,-3
34,44,-3
34,45,-1
34,46,0
34,47,2
34,48,3
34,49,3
34,50,7
34,51,8
34,52,8
34,53,11
34,54,10
34,55,11
34,56,11
34,57,12
34,58,12
34,59,12
35,0,-21
35,1,-20
35,2,-19
35,3,-18
35,4,-17
35,5,-15
35,6,-16
35,7,-15
35,8,-17
35,9,-17
35,10,-17
35,11,-18
35,12,-20
35,13,-23
35,14,-26
35,15,-28
35,16,-35
35,17,-38
35,18,-38
35,19,-42
35,20,-42
35,21,-41
35,22,-47
35,23,-50
35,24,-49
35,25,-52
35,26,-50
35,27,-44
35,28,-46
35,29,-46
35,30,-46
35,31,-42
35,32,-39
35,33,-39
35,34,-36
35,35,-36
35,36,-31
35,37,-29
35,38,-27
35,39,-19
35,40,-18
35,41,-12
35,42,-9
35,43,-5
35,44,-2
35,45,-1
35,46,-1
35,47,2
35,48,2
35,49,3
35,50,6
35,51,6
35,52,6
35,53,7
35,54,9
35,55,9
35,56,10
35,57,10
35,58,11
35,59,11
36,0,-20
36,1,-18
36,2,-18
36,3,-18
36,4,-17
36,5,-15
36,6,-14
36,7,-15
36,8,-14
36,9,-15
36,10,-15
36,11,-17
36,12,-17
36,13,-18
36,14,-22
36,15,-23
36,16,-27
36,17,-32
36,18,-33
36,19,-38
36,20,-37
36,21,-39
36,22,-43
36,23,-46
36,24,-50
36,25,-48
36,26,-46
36,27,-44
36,28,-44
36,29,-44
36,30,-43
36,31,-42
36,32,-40
36,33,-36
36,34,-35
36,35,-37
36,36,-35
36,37,-31
36,38,-32
36,39,-25
36,40,-22
36,41,-18
36,42,-12
36,43,-8
36,44,-3
36,45,-2
36,46,0
36,47,1
36,48,1
36,49,3
36,50,5
36,51,5
36,52,6
36,53,8
36,54,8
36,55,9
36,56,8
36,57,9
36,58,9
36,59,9
37,0,-18
37,1,-17
37,2,-16
37,3,-17
37,4,-15
37,5,-16
37,6,-13
37,7,-13
37,8,-16
37,9,-15
37,10,-13
37,11,-12
37,12,-14
37,13,-17
37,14,-17
37,15,-20
37,16,-23
37,17,-26
37,18,-28
37,19,-30
37,20,-29
37,21,-32
37,22,-34
37,23,-36
37,24,-43
37,25,-45
37,26,-43
37,27,-42
37,28,-42
37,29,-42
37,30,-40
37,31,-38
37,32,-38
37,33,-39
37,34,-37
37,35,-35
37,36,-37
37,37,-31
37,38,-33
37,39,-25
37,40,-22
37,41,-21
37,42,-16
37,43,-12
37,44,-7
37,45,-3
37,46,-1
37,47,1
37,48,0
37,49,3
37,50,4
37,51,5
37,52,5
37,53,7
37,54,7
37,55,7
37,56,8
37,57,8
37,58,8
37,59,8
38,0,-17
38,1,-17
38,2,-16
38,3,-15
38,4,-16
38,5,-15
38,6,-13
38,7,-12
38,8,-11
38,9,-11
38,10,-12
38,11,-12
38,12,-13
38,13,-14
38,14,-17
38,15,-18
38,16,-21
38,17,-22
38,18,-26
38,19,-26
38,20,-26
38,21,-27
38,22,-29
38,23,-32
38,24,-35
38,25,-37
38,26,-38
38,27,-36
38,28,-39
38,29,-38
38,30,-39
38,31,-39
38,32,-39
38,33,-39
38,34,-38
38,35,-36
38,36,-36
38,37,-36
38,38,-35
38,39,-33
38,40,-25
38,41,-23
38,42,-22
38,43,-16
38,44,-12
38,45,-5
38,46,-3
38,47,-2
38,48,0
38,49,2
38,50,3
38,51,4
38,52,4
38,53,5
38,54,6
38,55,6
38,56,6
38,57,6
38,58,5
38,59,7
39,0,-14
39,1,-13
39,2,-13
39,3,-13
39,4,-15
39,5,-13
39,6,-13
39,7,-11
39,8,-10
39,9,-10
39,10,-10
39,11,-10
39,12,-11
39,13,-13
39,14,-15
39,15,-15
39,16,-19
39,17,-19
39,18,-21
39,19,-23
39,20,-24
39,21,-25
39,22,-25
39,23,-29
39,24,-33
39,25,-35
39,26,-35
39,27,-35
39,28,-37
39,29,-36
39,30,-39
39,31,-38
39,32,-38
39,33,-39
39,34,-37
39,35,-35
39,36,-36
39,37,-34
39,38,-32
39,39,-35
39,40,-31
39,41,-28
39,42,-23
39,43,-19
39,44,-16
39,45,-11
39,46,-5
39,47,-1
39,48,0
39,49,1
39,50,1
39,51,2
39,52,5
39,53,5
39,54,4
39,55,4
39,56,3
39,57,4
39,58,4
39,59,4
40,0,-10
40,1,-10
40,2,-11
40,3,-12
40,4,-12
40,5,-11
40,6,-11
40,7,-11
40,8,-9
40,9,-9
40,10,-9
40,11,-9
40,12,-10
40,13,-11
40,14,-12
40,15,-13
40,16,-16
40,17,-17
40,18,-18
40,19,-21
40,20,-21
40,21,-20
40,22,-23
40,23,-24
40,24,-30
40,25,-33
40,26,-32
40,27,-35
40,28,-36
40,29,-37
40,30,-37
40,31,-40
40,32,-37
40,33,-38
40,34,-35
40,35,-36
40,36,-35
40,37,-35
40,38,-34
40,39,-33
40,40,-29
40,41,-28
40,42,-26
40,43,-20
40,44,-17
40,45,-13
40,46,-7
40,47,-9
40,48,-4
40,49,-2
40,50,-2
40,51,0
40,52,1
40,53,0
40,54,1
40,55,1
40,56,2
40,57,2
40,58,3
40,59,4
41,0,-8
41,1,-8
41,2,-8
41,3,-10
41,4,-10
41,5,-9
41,6,-9
41,7,-8
41,8,-8
41,9,-8
41,10,-8
41,11,-8
41,12,-9
41,13,-10
41,14,-11
41,15,-11
41,16,-12
41,17,-14
41,18,-15
41,19,-15
41,20,-16
41,21,-18
41,22,-21
41,23,-23
41,24,-25
41,25,-28
41,26,-27
41,27,-30
41,28,-35
41,29,-35
41,30,-38
41,31,-36
41,32,-37
41,33,-38
41,34,-35
41,35,-35
41,36,-39
41,37,-35
41,38,-35
41,39,-30
41,40,-30
41,41,-30
41,42,-26
41,43,-19
41,44,-17
41,45,-13
41,46,-11
41,47,-9
41,48,-7
41,49,-4
41,50,-5
41,51,0
41,52,-2
41,53,-2
41,54,-2
41,55,-2
41,56,-1
41,57,1
41,58,1
41,59,3
42,0,-5
42,1,-6
42,2,-7
42,3,-7
42,4,-8
42,5,-8
42,6,-9
42,7,-10
42,8,-9
42,9,-9
42,10,-9
42,11,-8
42,12,-9
42,13,-8
42,14,-10
42,15,-10
42,16,-9
42,17,-10
42,18,-11
42,19,-12
42,20,-14
42,21,-13
42,22,-14
42,23,-17
42,24,-20
42,25,-24
42,26,-26
42,27,-28
42,28,-32
42,29,-33
42,30,-34
42,31,-38
42,32,-38
42,33,-36
42,34,-38
42,35,-36
42,36,-37
42,37,-35
42,38,-32
42,39,-31
42,40,-28
42,41,-28
42,42,-27
42,43,-24
42,44,-24
42,45,-18
42,46,-14
42,47,-14
42,48,-12
42,49,-5
42,50,-4
42,51,-4
42,52,-6
42,53,-4
42,54,-4
42,55,-2
42,56,-2
42,57,-1
42,58,-2
42,59,-1
43,0,-3
43,1,-4
43,2,-5
43,3,-5
43,4,-7
43,5,-8
43,6,-8
43,7,-8
43,8,-8
43,9,-8
43,10,-8
43,11,-8
43,12,-8
43,13,-8
43,14,-9
43,15,-9
43,16,-9
43,17,-10
43,18,-9
43,19,-9
43,20,-10
43,21,-11
43,22,-10
43,23,-12
43,24,-12
43,25,-20
43,26,-21
43,27,-23
43,28,-27
43,29,-32
43,30,-36
43,31,-39
43,32,-38
43,33,-37
43,34,-37
43,35,-39
43,36,-36
43,37,-36
43,38,-31
43,39,-31
43,40,-30
43,41,-32
43,42,-26
43,43,-23
43,44,-21
43,45,-21
43,46,-18
43,47,-16
43,48,-13
43,49,-11
43,50,-7
43,51,-8
43,52,-6
43,53,-6
43,54,-5
43,55,-7
43,56,-8
43,57,-4
43,58,-4
43,59,-2
44,0,-1
44,1,-1
44,2,-2
44,3,-3
44,4,-5
44,5,-6
44,6,-7
44,7,-7
44,8,-8
44,9,-9
44,10,-9
44,11,-8
44,12,-8
44,13,-8
44,14,-7
44,15,-7
44,16,-7
44,17,-6
44,18,-8
44,19,-8
44,20,-7
44,21,-8
44,22,-5
44,23,-8
44,24,-9
44,25,-12
44,26,-17
44,27,-19
44,28,-21
44,29,-25
44,30,-28
44,31,-34
44,32,-33
44,33,-34
44,34,-35
44,35,-39
44,36,-38
44,37,-36
44,38,-34
44,39,-34
44,40,-32
44,41,-31
44,42,-25
44,43,-25
44,44,-26
44,45,-24
44,46,-17
44,47,-19
44,48,-15
44,49,-14
44,50,-13
44,51,-11
44,52,-12
44,53,-10
44,54,-9
44,55,-12
44,56,-12
44,57,-9
44,58,-6
44,59,-5
45,0,2
45,1,2
45,2,0
45,3,-1
45,4,-3
45,5,-5
45,6,-6
45,7,-7
45,8,-8
45,9,-8
45,10,-8
45,11,-8
45,12,-7
45,13,-7
45,14,-6
45,15,-6
45,16,-6
45,17,-5
45,18,-6
45,19,-5
45,20,-7
45,21,-6
45,22,-5
45,23,-5
45,24,-7
45,25,-7
45,26,-14
45,27,-14
45,28,-20
45,29,-21
45,30,-25
45,31,-30
45,32,-33
45,33,-33
45,34,-35
45,35,-36
45,36,-37
45,37,-35
45,38,-37
45,39,-33
45,40,-34
45,41,-33
45,42,-30
45,43,-28
45,44,-28
45,45,-25
45,46,-23
45,47,-23
45,48,-23
45,49,-25
45,50,-22
45,51,-20
45,52,-21
45,53,-18
45,54,-17
45,55,-17
45,56,-13
45,57,-10
45,58,-8
45,59,-4
46,0,6
46,1,4
46,2,2
46,3,-1
46,4,-2
46,5,-4
46,6,-4
46,7,-5
46,8,-7
46,9,-6
46,10,-6
46,11,-5
46,12,-6
46,13,-6
46,14,-5
46,15,-5
46,16,-6
46,17,-6
46,18,-4
46,19,-4
46,20,-4
46,21,-3
46,22,-3
46,23,-5
46,24,-6
46,25,-7
46,26,-10
46,27,-8
46,28,-13
46,29,-18
46,30,-18
46,31,-27
46,32,-27
46,33,-27
46,34,-35
46,35,-35
46,36,-34
46,37,-35
46,38,-36
46,39,-34
46,40,-33
46,41,-30
46,42,-31
46,43,-31
46,44,-30
46,45,-31
46,46,-30
46,47,-32
46,48,-34
46,49,-31
46,50,-31
46,51,-27
46,52,-27
46,53,-23
46,54,-21
46,55,-21
46,56,-18
46,57,-16
46,58,-9
46,59,-5
47,0,7
47,1,5
47,2,4
47,3,1
47,4,0
47,5,-2
47,6,-2
47,7,-4
47,8,-5
47,9,-5
47,10,-5
47,11,-4
47,12,-5
47,13,-4
47,14,-4
47,15,-5
47,16,-5
47,17,-4
47,18,-3
47,19,-3
47,20,-3
47,21,-3
47,22,-3
47,23,-5
47,24,-7
47,25,-9
47,26,-10
47,27,-11
47,28,-12
47,29,-14
47,30,-13
47,31,-19
47,32,-23
47,33,-24
47,34,-29
47,35,-35
47,36,-32
47,37,-36
47,38,-35
47,39,-33
47,40,-31
47,41,-33
47,42,-34
47,43,-35
47,44,-36
47,45,-36
47,46,-37
47,47,-35
47,48,-34
47,49,-32
47,50,-31
47,51,-32
47,52,-29
47,53,-28
47,54,-24
47,55,-23
47,56,-21
47,57,-17
47,58,-14
47,59,-8
48,0,8
48,1,7
48,2,5
48,3,3
48,4,1
48,5,1
48,6,0
48,7,-1
48,8,-3
48,9,-4
48,10,-4
48,11,-3
48,12,-4
48,13,-3
48,14,-3
48,15,-3
48,16,-3
48,17,-2
48,18,-2
48,19,-2
48,20,-3
48,21,-4
48,22,-3
48,23,-5
48,24,-6
48,25,-8
48,26,-9
48,27,-8
48,28,-8
48,29,-14
48,30,-14
48,31,-17
48,32,-20
48,33,-19
48,34,-24
48,35,-29
48,36,-27
48,37,-31
48,38,-34
48,39,-35
48,40,-36
48,41,-38
48,42,-39
48,43,-41
48,44,-44
48,45,-43
48,46,-43
48,47,-43
48,48,-38
48,49,-35
48,50,-31
48,51,-33
48,52,-32
48,53,-28
48,54,-28
48,55,-25
48,56,-23
48,57,-19
48,58,-14
48,59,-7
49,0,9
49,1,7
49,2,5
49,3,5
49,4,3
49,5,2
49,6,2
49,7,0
49,8,0
49,9,0
49,10,1
49,11,-1
49,12,0
49,13,-1
49,14,-2
49,15,-2
49,16,-2
49,17,-2
49,18,-1
49,19,-1
49,20,-3
49,21,-3
49,22,-3
49,23,-3
49,24,-5
49,25,-7
49,26,-7
49,27,-8
49,28,-10
49,29,-11
49,30,-13
49,31,-15
49,32,-17
49,33,-16
49,34,-22
49,35,-27
49,36,-29
49,37,-34
49,38,-38
49,39,-37
49,40,-40
49,41,-40
49,42,-40
49,43,-44
49,44,-45
49,45,-45
49,46,-45
49,47,-44
49,48,-43
49,49,-40
49,50,-35
49,51,-36
49,52,-32
49,53,-32
49,54,-31
49,55,-28
49,56,-27
49,57,-23
49,58,-17
49,59,-12
50,0,11
50,1,9
50,2,8
50,3,6
50,4,5
50,5,4
50,6,2
50,7,2
50,8,1
50,9,1
50,10,2
50,11,2
50,12,2
50,13,1
50,14,-1
50,15,0
50,16,0
50,17,0
50,18,0
50,19,-2
50,20,-3
50,21,-3
50,22,-4
50,23,-4
50,24,-6
50,25,-8
50,26,-9
50,27,-8
50,28,-8
50,29,-10
50,30,-12
50,31,-15
50,32,-18
50,33,-18
50,34,-23
50,35,-28
50,36,-33
50,37,-38
50,38,-40
50,39,-42
50,40,-43
50,41,-41
50,42,-38
50,43,-43
50,44,-43
50,45,-45
50,46,-44
50,47,-48
50,48,-46
50,49,-39
50,50,-38
50,51,-36
50,52,-34
50,53,-32
50,54,-30
50,55,-27
50,56,-27
50,57,-26
50,58,-19
50,59,-15
51,0,11
51,1,10
51,2,9
51,3,7
51,4,6
51,5,5
51,6,5
51,7,3
51,8,3
51,9,4
51,10,4
51,11,4
51,12,4
51,13,4
51,14,1
51,15,1
51,16,1
51,17,1
51,18,1
51,19,-2
51,20,-2
51,21,-3
51,22,-2
51,23,-2
51,24,-5
51,25,-7
51,26,-7
51,27,-8
51,28,-9
51,29,-11
51,30,-14
51,31,-15
51,32,-18
51,33,-21
51,34,-23
51,35,-25
51,36,-31
51,37,-35
51,38,-38
51,39,-40
51,40,-42
51,41,-39
51,42,-36
51,43,-41
51,44,-42
51,45,-45
51,46,-48
51,47,-45
51,48,-46
51,49,-38
51,50,-35
51,51,-37
51,52,-32
51,53,-29
51,54,-31
51,55,-28
51,56,-28
51,57,-27
51,58,-22
51,59,-19
52,0,12
52,1,11
52,2,10
52,3,8
52,4,7
52,5,7
52,6,6
52,7,6
52,8,6
52,9,6
52,10,6
52,11,6
52,12,5
52,13,4
52,14,4
52,15,3
52,16,2
52,17,2
52,18,1
52,19,-2
52,20,-2
52,21,-3
52,22,-2
52,23,-1
52,24,-3
52,25,-7
52,26,-7
52,27,-8
52,28,-10
52,29,-13
52,30,-13
52,31,-15
52,32,-17
52,33,-21
52,34,-22
52,35,-26
52,36,-27
52,37,-35
52,38,-36
52,39,-40
52,40,-38
52,41,-40
52,42,-39
52,43,-41
52,44,-46
52,45,-43
52,46,-45
52,47,-44
52,48,-39
52,49,-39
52,50,-36
52,51,-38
52,52,-33
52,53,-32
52,54,-29
52,55,-30
52,56,-30
52,57,-28
52,58,-25
52,59,-21
53,3,10
53,4,10
53,5,9
53,6,9
53,7,8
53,8,8
53,9,8
53,10,8
53,11,7
53,12,7
53,13,6
53,14,5
53,15,4
53,16,4
53,17,4
53,18,2
53,19,0
53,20,0
53,21,-1
53,22,0
53,23,0
53,24,-3
53,25,-6
53,26,-6
53,27,-7
53,28,-9
53,29,-11
53,30,-13
53,31,-15
53,32,-16
53,33,-19
53,34,-21
53,35,-24
53,36,-25
53,37,-29
53,38,-32
53,39,-35
53,40,-38
53,41,-40
53,42,-36
53,43,-35
53,44,-36
53,45,-40
53,46,-43
53,47,-43
53,48,-37
53,49,-36
53,50,-37
53,51,-36
53,52,-32
53,53,-30
53,54,-31
53,55,-31
53,56,-30
53,57,-26
53,58,-23
53,59,-24
54,4,11
54,5,11
54,6,11
54,7,11
54,8,10
54,9,10
54,10,10
54,11,9
54,12,9
54,13,8
54,14,6
54,15,5
54,16,5
54,17,4
54,18,3
54,19,1
54,20,0
54,21,1
54,22,0
54,23,0
54,24,-2
54,25,-4
54,26,-6
54,27,-7
54,28,-11
54,29,-11
54,30,-14
54,31,-15
54,32,-17
54,33,-17
54,34,-22
54,35,-24
54,36,-26
54,37,-27
54,38,-30
54,39,-32
54,40,-34
54,41,-33
54,42,-35
54,43,-32
54,44,-34
54,45,-38
54,46,-39
54,47,-39
54,48,-39
54,49,-38
54,50,-38
54,51,-33
54,52,-31
54,53,-30
54,54,-30
54,55,-29
54,56,-29
54,57,-28
54,58,-22
54,59,-20
55,5,12
55,6,12
55,7,13
55,8,12
55,9,12
55,10,11
55,11,11
55,12,10
55,13,9
55,14,8
55,15,7
55,16,7
55,17,6
55,18,4
55,19,2
55,20,2
55,21,2
55,22,2
55,23,1
55,24,0
55,25,-2
55,26,-3
55,27,-5
55,28,-9
55,29,-9
55,30,-12
55,31,-16
55,32,-17
55,33,-19
55,34,-20
55,35,-21
55,36,-23
55,37,-26
55,38,-30
55,39,-27
55,40,-30
55,41,-34
55,42,-33
55,43,-32
55,44,-29
55,45,-33
55,46,-34
55,47,-37
55,48,-35
55,49,-34
55,50,-36
55,51,-32
55,52,-30
55,53,-30
55,54,-30
55,55,-29
55,56,-29
55,57,-27
55,58,-22
55,59,-22
56,7,14
56,8,15
56,9,14
56,10,13
56,11,13
56,12,12
56,13,11
56,14,11
56,15,9
56,16,8
56,17,7
56,18,5
56,19,3
56,20,4
56,21,3
56,22,3
56,23,2
56,24,1
56,25,0
56,26,-2
56,27,-4
56,28,-5
56,29,-8
56,30,-10
56,31,-14
56,32,-17
56,33,-16
56,34,-14
56,35,-18
56,36,-18
56,37,-20
56,38,-24
56,39,-25
56,40,-24
56,41,-30
56,42,-29
56,43,-29
56,44,-28
56,45,-24
56,46,-29
56,47,-33
56,48,-31
56,49,-31
56,50,-29
56,51,-27
56,52,-27
56,53,-29
56,54,-24
56,55,-25
56,56,-23
56,57,-22
56,58,-21
56,59,-17
57,10,16
57,11,15
57,12,14
57,13,13
57,14,12
57,15,10
57,16,9
57,17,8
57,18,7
57,19,6
57,20,5
57,21,4
57,22,4
57,23,4
57,24,1
57,25,1
57,26,0
57,27,-3
57,28,-5
57,29,-8
57,30,-10
57,31,-12
57,32,-14
57,33,-13
57,34,-12
57,35,-14
57,36,-15
57,37,-18
57,38,-19
57,39,-17
57,40,-18
57,41,-24
57,42,-25
57,43,-24
57,44,-23
57,45,-23
57,46,-28
57,47,-26
57,48,-25
57,49,-24
57,50,-25
57,51,-26
57,52,-24
57,53,-23
57,54,-21
57,55,-21
57,56,-22
57,57,-18
57,58,-19
57,59,-14
58,14,14
58,16,11
58,17,10
58,18,10
58,19,8
58,20,6
58,21,6
58,22,5
58,23,5
58,24,3
58,25,3
58,26,3
58,27,2
58,28,-1
58,29,-4
58,30,-7
58,31,-9
58,32,-9
58,33,-7
58,34,-8
58,35,-8
58,36,-11
58,37,-14
58,38,-15
58,39,-16
58,40,-17
58,41,-17
58,42,-18
58,43,-17
58,44,-19
58,45,-19
58,46,-21
58,47,-23
58,48,-24
58,49,-23
58,50,-23
58,51,-23
58,52,-24
58,53,-22
58,54,-21
58,55,-20
58,56,-18
58,57,-15
58,58,-13
58,59,-13
59,18,11
59,19,10
59,20,9
59,21,7
59,22,6
59,23,6
59,24,5
59,25,5
59,26,5
59,27,4
59,28,1
59,29,-1
59,30,-4
59,31,-6
59,32,-5
59,33,-4
59,34,-3
59,35,-3
59,36,-6
59,37,-7
59,38,-10
59,39,-11
59,40,-13
59,41,-15
59,42,-13
59,43,-13
59,44,-15
59,45,-14
59,46,-13
59,47,-19
59,48,-14
59,49,-20
59,50,-22
59,51,-20
59,52,-17
59,53,-19
59,54,-15
59,55,-13
59,56,-9
59,57,-7
59,58,-10
59,59,-10
