{
  "cells": [
    {"I":-36,"J":-9,"r":70,"g":255,"b":142,"a":255},
    {"I":-25,"J":5,"r":70,"g":255,"b":142,"a":255},
    {"I":-31,"J":-2,"r":70,"g":255,"b":142,"a":255},
    {"I":-14,"J":-6,"r":70,"g":255,"b":142,"a":255},
    {"I":-25,"J":6,"r":70,"g":255,"b":142,"a":255},
    {"I":-31,"J":-1,"r":70,"g":255,"b":142,"a":255},
    {"I":-14,"J":-5,"r":70,"g":255,"b":142,"a":255},
    {"I":-36,"J":-8,"r":70,"g":255,"b":142,"a":255},
    {"I":-19,"J":-12,"r":70,"g":255,"b":142,"a":255},
    {"I":-31,"J":0,"r":70,"g":255,"b":142,"a":255},
    {"I":-15,"J":-4,"r":70,"g":255,"b":142,"a":255},
    {"I":-37,"J":-7,"r":70,"g":255,"b":142,"a":255},
    {"I":-20,"J":-11,"r":70,"g":255,"b":142,"a":255},
    {"I":-30,"J":-2,"r":70,"g":255,"b":142,"a":255},
    {"I":-35,"J":-9,"r":70,"g":255,"b":142,"a":255},
    {"I":-24,"J":5,"r":70,"g":255,"b":142,"a":255},
    {"I":-30,"J":-1,"r":70,"g":255,"b":142,"a":255},
    {"I":-35,"J":-8,"r":70,"g":255,"b":142,"a":255},
    {"I":-24,"J":6,"r":70,"g":255,"b":142,"a":255},
    {"I":-25,"J":7,"r":70,"g":255,"b":142,"a":255},
    {"I":-30,"J":0,"r":70,"g":255,"b":142,"a":255},
    {"I":-14,"J":-4,"r":70,"g":255,"b":142,"a":255},
    {"I":-36,"J":-7,"r":70,"g":255,"b":142,"a":255},
    {"I":-19,"J":-11,"r":70,"g":255,"b":142,"a":255},
    {"I":-29,"J":-2,"r":70,"g":255,"b":142,"a":255},
    {"I":-23,"J":5,"r":70,"g":255,"b":142,"a":255},
    {"I":-34,"J":-9,"r":70,"g":255,"b":142,"a":255},
    {"I":-29,"J":-1,"r":70,"g":255,"b":142,"a":255},
    {"I":-39,"J":-15,"r":70,"g":255,"b":142,"a":255},
    {"I":-23,"J":6,"r":70,"g":255,"b":142,"a":255},
    {"I":-34,"J":-8,"r":70,"g":255,"b":142,"a":255},
    {"I":-29,"J":0,"r":70,"g":255,"b":142,"a":255},
    {"I":-24,"J":7,"r":70,"g":255,"b":142,"a":255},
    {"I":-26,"J":5,"r":70,"g":255,"b":142,"a":255},
    {"I":-32,"J":-2,"r":70,"g":255,"b":142,"a":255},
    {"I":-15,"J":-6,"r":70,"g":255,"b":142,"a":255},
    {"I":-37,"J":-9,"r":70,"g":255,"b":142,"a":255},
    {"I":-20,"J":-13,"r":70,"g":255,"b":142,"a":255},
    {"I":-26,"J":6,"r":70,"g":255,"b":142,"a":255},
    {"I":-32,"J":-1,"r":70,"g":255,"b":142,"a":255},
    {"I":-15,"J":-5,"r":70,"g":255,"b":142,"a":255},
    {"I":-37,"J":-8,"r":70,"g":255,"b":142,"a":255},
    {"I":-20,"J":-12,"r":70,"g":255,"b":142,"a":255},
    {"I":-32,"J":0,"r":70,"g":255,"b":142,"a":255},
    {"I":-16,"J":-4,"r":70,"g":255,"b":142,"a":255},
    {"I":-38,"J":-7,"r":70,"g":255,"b":142,"a":255},
    {"I":-21,"J":-11,"r":70,"g":255,"b":142,"a":255},
    {"I":-27,"J":5,"r":70,"g":255,"b":142,"a":255},
    {"I":-33,"J":-2,"r":70,"g":255,"b":142,"a":255},
    {"I":-16,"J":-6,"r":70,"g":255,"b":142,"a":255},
    {"I":-38,"J":-9,"r":70,"g":255,"b":142,"a":255},
    {"I":-21,"J":-13,"r":70,"g":255,"b":142,"a":255},
    {"I":-27,"J":6,"r":70,"g":255,"b":142,"a":255},
    {"I":-33,"J":-1,"r":70,"g":255,"b":142,"a":255},
    {"I":-16,"J":-5,"r":70,"g":255,"b":142,"a":255},
    {"I":-38,"J":-8,"r":70,"g":255,"b":142,"a":255},
    {"I":-21,"J":-12,"r":70,"g":255,"b":142,"a":255},
    {"I":-33,"J":0,"r":70,"g":255,"b":142,"a":255},
    {"I":-17,"J":-4,"r":70,"g":255,"b":142,"a":255},
    {"I":-22,"J":-11,"r":70,"g":255,"b":142,"a":255},
    {"I":-28,"J":5,"r":70,"g":255,"b":142,"a":255},
    {"I":-34,"J":-2,"r":70,"g":255,"b":142,"a":255},
    {"I":-17,"J":-6,"r":70,"g":255,"b":142,"a":255},
    {"I":-22,"J":-13,"r":70,"g":255,"b":142,"a":255},
    {"I":-34,"J":-1,"r":70,"g":255,"b":142,"a":255},
    {"I":-17,"J":-5,"r":70,"g":255,"b":142,"a":255},
    {"I":-22,"J":-12,"r":70,"g":255,"b":142,"a":255},
    {"I":-34,"J":0,"r":70,"g":255,"b":142,"a":255},
    {"I":-18,"J":-4,"r":4,"g":12,"b":7,"a":255},
    {"I":-23,"J":-11,"r":70,"g":255,"b":142,"a":255},
    {"I":-28,"J":4,"r":70,"g":255,"b":142,"a":255},
    {"I":-34,"J":-3,"r":4,"g":12,"b":7,"a":255},
    {"I":-17,"J":-7,"r":70,"g":255,"b":142,"a":255},
    {"I":-22,"J":-14,"r":70,"g":255,"b":142,"a":255},
    {"I":-27,"J":4,"r":4,"g":12,"b":7,"a":255},
    {"I":-33,"J":-3,"r":4,"g":12,"b":7,"a":255},
    {"I":-16,"J":-7,"r":70,"g":255,"b":142,"a":255},
    {"I":-38,"J":-10,"r":70,"g":255,"b":142,"a":255},
    {"I":-21,"J":-14,"r":70,"g":255,"b":142,"a":255},
    {"I":-37,"J":-10,"r":70,"g":255,"b":142,"a":255},
    {"I":-26,"J":4,"r":4,"g":12,"b":7,"a":255},
    {"I":-32,"J":-3,"r":4,"g":12,"b":7,"a":255},
    {"I":-15,"J":-7,"r":70,"g":255,"b":142,"a":255},
    {"I":-29,"J":4,"r":70,"g":255,"b":142,"a":255},
    {"I":-35,"J":-3,"r":70,"g":255,"b":142,"a":255},
    {"I":-18,"J":-7,"r":70,"g":255,"b":142,"a":255},
    {"I":-23,"J":-14,"r":70,"g":255,"b":142,"a":255},
    {"I":-35,"J":-2,"r":70,"g":255,"b":142,"a":255},
    {"I":-18,"J":-6,"r":70,"g":255,"b":142,"a":255},
    {"I":-23,"J":-13,"r":70,"g":255,"b":142,"a":255},
    {"I":-35,"J":-1,"r":70,"g":255,"b":142,"a":255},
    {"I":-18,"J":-5,"r":70,"g":255,"b":142,"a":255},
    {"I":-23,"J":-12,"r":70,"g":255,"b":142,"a":255},
    {"I":-29,"J":3,"r":70,"g":255,"b":142,"a":255},
    {"I":-35,"J":-4,"r":70,"g":255,"b":142,"a":255},
    {"I":-18,"J":-8,"r":70,"g":255,"b":142,"a":255},
    {"I":-23,"J":-15,"r":70,"g":255,"b":142,"a":255},
    {"I":-28,"J":3,"r":70,"g":255,"b":142,"a":255},
    {"I":-34,"J":-4,"r":4,"g":12,"b":7,"a":255},
    {"I":-17,"J":-8,"r":70,"g":255,"b":142,"a":255},
    {"I":-38,"J":-11,"r":70,"g":255,"b":142,"a":255},
    {"I":-27,"J":3,"r":4,"g":12,"b":7,"a":255},
    {"I":-33,"J":-4,"r":4,"g":12,"b":7,"a":255},
    {"I":-16,"J":-8,"r":70,"g":255,"b":142,"a":255},
    {"I":-36,"J":-4,"r":70,"g":255,"b":142,"a":255},
    {"I":-19,"J":-8,"r":70,"g":255,"b":142,"a":255},
    {"I":-24,"J":-15,"r":70,"g":255,"b":142,"a":255},
    {"I":-30,"J":3,"r":70,"g":255,"b":142,"a":255},
    {"I":-14,"J":-1,"r":70,"g":255,"b":142,"a":255},
    {"I":-30,"J":4,"r":70,"g":255,"b":142,"a":255},
    {"I":-36,"J":-3,"r":70,"g":255,"b":142,"a":255},
    {"I":-19,"J":-7,"r":70,"g":255,"b":142,"a":255},
    {"I":-24,"J":-14,"r":70,"g":255,"b":142,"a":255},
    {"I":-36,"J":-2,"r":70,"g":255,"b":142,"a":255},
    {"I":-19,"J":-6,"r":70,"g":255,"b":142,"a":255},
    {"I":-24,"J":-13,"r":70,"g":255,"b":142,"a":255},
    {"I":-36,"J":-5,"r":70,"g":255,"b":142,"a":255},
    {"I":-19,"J":-9,"r":70,"g":255,"b":142,"a":255},
    {"I":-30,"J":2,"r":70,"g":255,"b":142,"a":255},
    {"I":-14,"J":-2,"r":70,"g":255,"b":142,"a":255},
    {"I":-29,"J":2,"r":70,"g":255,"b":142,"a":255},
    {"I":-35,"J":-5,"r":70,"g":255,"b":142,"a":255},
    {"I":-18,"J":-9,"r":70,"g":255,"b":142,"a":255},
    {"I":-28,"J":2,"r":70,"g":255,"b":142,"a":255},
    {"I":-34,"J":-5,"r":4,"g":12,"b":7,"a":255},
    {"I":-17,"J":-9,"r":70,"g":255,"b":142,"a":255},
    {"I":-37,"J":-5,"r":70,"g":255,"b":142,"a":255},
    {"I":-20,"J":-9,"r":70,"g":255,"b":142,"a":255},
    {"I":-25,"J":-16,"r":70,"g":255,"b":142,"a":255},
    {"I":-31,"J":2,"r":70,"g":255,"b":142,"a":255},
    {"I":-15,"J":-2,"r":70,"g":255,"b":142,"a":255},
    {"I":-37,"J":-4,"r":70,"g":255,"b":142,"a":255},
    {"I":-20,"J":-8,"r":70,"g":255,"b":142,"a":255},
    {"I":-25,"J":-15,"r":70,"g":255,"b":142,"a":255},
    {"I":-31,"J":3,"r":70,"g":255,"b":142,"a":255},
    {"I":-15,"J":-1,"r":70,"g":255,"b":142,"a":255},
    {"I":-37,"J":-3,"r":70,"g":255,"b":142,"a":255},
    {"I":-20,"J":-7,"r":70,"g":255,"b":142,"a":255},
    {"I":-25,"J":-14,"r":70,"g":255,"b":142,"a":255},
    {"I":-14,"J":0,"r":70,"g":255,"b":142,"a":255},
    {"I":-37,"J":-6,"r":70,"g":255,"b":142,"a":255},
    {"I":-20,"J":-10,"r":70,"g":255,"b":142,"a":255},
    {"I":-31,"J":1,"r":70,"g":255,"b":142,"a":255},
    {"I":-15,"J":-3,"r":70,"g":255,"b":142,"a":255},
    {"I":-36,"J":-6,"r":70,"g":255,"b":142,"a":255},
    {"I":-19,"J":-10,"r":70,"g":255,"b":142,"a":255},
    {"I":-30,"J":1,"r":70,"g":255,"b":142,"a":255},
    {"I":-14,"J":-3,"r":70,"g":255,"b":142,"a":255},
    {"I":-29,"J":1,"r":70,"g":255,"b":142,"a":255},
    {"I":-35,"J":-6,"r":70,"g":255,"b":142,"a":255},
    {"I":-18,"J":-10,"r":70,"g":255,"b":142,"a":255},
    {"I":-35,"J":-7,"r":70,"g":255,"b":142,"a":255},
    {"I":-18,"J":-11,"r":70,"g":255,"b":142,"a":255},
    {"I":-38,"J":-6,"r":70,"g":255,"b":142,"a":255},
    {"I":-21,"J":-10,"r":70,"g":255,"b":142,"a":255},
    {"I":-32,"J":1,"r":70,"g":255,"b":142,"a":255},
    {"I":-16,"J":-3,"r":70,"g":255,"b":142,"a":255},
    {"I":-38,"J":-5,"r":70,"g":255,"b":142,"a":255},
    {"I":-21,"J":-9,"r":70,"g":255,"b":142,"a":255},
    {"I":-26,"J":-16,"r":70,"g":255,"b":142,"a":255},
    {"I":-32,"J":2,"r":70,"g":255,"b":142,"a":255},
    {"I":-16,"J":-2,"r":70,"g":255,"b":142,"a":255},
    {"I":-36,"J":-10,"r":70,"g":255,"b":142,"a":255},
    {"I":-25,"J":4,"r":4,"g":12,"b":7,"a":255},
    {"I":-31,"J":-3,"r":70,"g":255,"b":142,"a":255},
    {"I":-35,"J":-10,"r":70,"g":255,"b":142,"a":255},
    {"I":-24,"J":4,"r":4,"g":12,"b":7,"a":255},
    {"I":-30,"J":-3,"r":70,"g":255,"b":142,"a":255},
    {"I":-37,"J":-11,"r":70,"g":255,"b":142,"a":255},
    {"I":-26,"J":3,"r":4,"g":12,"b":7,"a":255},
    {"I":-36,"J":-11,"r":70,"g":255,"b":142,"a":255},
    {"I":-25,"J":3,"r":4,"g":12,"b":7,"a":255},
    {"I":-31,"J":-4,"r":70,"g":255,"b":142,"a":255},
    {"I":-35,"J":-11,"r":70,"g":255,"b":142,"a":255},
    {"I":-24,"J":3,"r":4,"g":12,"b":7,"a":255},
    {"I":-30,"J":-4,"r":70,"g":255,"b":142,"a":255},
    {"I":-37,"J":-12,"r":70,"g":255,"b":142,"a":255},
    {"I":-26,"J":2,"r":4,"g":12,"b":7,"a":255},
    {"I":-32,"J":-5,"r":4,"g":12,"b":7,"a":255},
    {"I":-36,"J":-12,"r":70,"g":255,"b":142,"a":255},
    {"I":-25,"J":2,"r":4,"g":12,"b":7,"a":255},
    {"I":-31,"J":-5,"r":70,"g":255,"b":142,"a":255},
    {"I":-35,"J":-12,"r":70,"g":255,"b":142,"a":255},
    {"I":-24,"J":2,"r":4,"g":12,"b":7,"a":255},
    {"I":-30,"J":-5,"r":70,"g":255,"b":142,"a":255},
    {"I":-34,"J":-12,"r":70,"g":255,"b":142,"a":255},
    {"I":-23,"J":2,"r":4,"g":12,"b":7,"a":255},
    {"I":-29,"J":-5,"r":70,"g":255,"b":142,"a":255},
    {"I":-34,"J":-11,"r":70,"g":255,"b":142,"a":255},
    {"I":-23,"J":3,"r":4,"g":12,"b":7,"a":255},
    {"I":-29,"J":-4,"r":70,"g":255,"b":142,"a":255},
    {"I":-34,"J":-10,"r":70,"g":255,"b":142,"a":255},
    {"I":-23,"J":4,"r":4,"g":12,"b":7,"a":255},
    {"I":-29,"J":-3,"r":70,"g":255,"b":142,"a":255},
    {"I":-36,"J":-13,"r":70,"g":255,"b":142,"a":255},
    {"I":-25,"J":1,"r":70,"g":255,"b":142,"a":255},
    {"I":-31,"J":-6,"r":70,"g":255,"b":142,"a":255},
    {"I":-35,"J":-13,"r":70,"g":255,"b":142,"a":255},
    {"I":-24,"J":1,"r":70,"g":255,"b":142,"a":255},
    {"I":-30,"J":-6,"r":70,"g":255,"b":142,"a":255},
    {"I":-19,"J":8,"r":70,"g":255,"b":142,"a":255},
    {"I":-34,"J":-13,"r":70,"g":255,"b":142,"a":255},
    {"I":-23,"J":1,"r":70,"g":255,"b":142,"a":255},
    {"I":-29,"J":-6,"r":70,"g":255,"b":142,"a":255},
    {"I":-18,"J":8,"r":70,"g":255,"b":142,"a":255},
    {"I":-33,"J":-13,"r":70,"g":255,"b":142,"a":255},
    {"I":-22,"J":1,"r":11,"g":40,"b":22,"a":255},
    {"I":-28,"J":-6,"r":70,"g":255,"b":142,"a":255},
    {"I":-17,"J":8,"r":70,"g":255,"b":142,"a":255},
    {"I":-33,"J":-12,"r":70,"g":255,"b":142,"a":255},
    {"I":-22,"J":2,"r":4,"g":12,"b":7,"a":255},
    {"I":-28,"J":-5,"r":70,"g":255,"b":142,"a":255},
    {"I":-33,"J":-11,"r":70,"g":255,"b":142,"a":255},
    {"I":-22,"J":3,"r":4,"g":12,"b":7,"a":255},
    {"I":-28,"J":-4,"r":70,"g":255,"b":142,"a":255},
    {"I":-35,"J":-14,"r":70,"g":255,"b":142,"a":255},
    {"I":-19,"J":7,"r":70,"g":255,"b":142,"a":255},
    {"I":-24,"J":0,"r":70,"g":255,"b":142,"a":255},
    {"I":-30,"J":-7,"r":70,"g":255,"b":142,"a":255},
    {"I":-34,"J":-14,"r":70,"g":255,"b":142,"a":255},
    {"I":-23,"J":0,"r":70,"g":255,"b":142,"a":255},
    {"I":-29,"J":-7,"r":70,"g":255,"b":142,"a":255},
    {"I":-18,"J":7,"r":70,"g":255,"b":142,"a":255},
    {"I":-33,"J":-14,"r":70,"g":255,"b":142,"a":255},
    {"I":-22,"J":0,"r":70,"g":255,"b":142,"a":255},
    {"I":-28,"J":-7,"r":70,"g":255,"b":142,"a":255},
    {"I":-17,"J":7,"r":70,"g":255,"b":142,"a":255},
    {"I":-36,"J":-14,"r":70,"g":255,"b":142,"a":255},
    {"I":-20,"J":7,"r":70,"g":255,"b":142,"a":255},
    {"I":-25,"J":0,"r":70,"g":255,"b":142,"a":255},
    {"I":-31,"J":-7,"r":70,"g":255,"b":142,"a":255},
    {"I":-37,"J":-13,"r":70,"g":255,"b":142,"a":255},
    {"I":-26,"J":1,"r":70,"g":255,"b":142,"a":255},
    {"I":-32,"J":-6,"r":4,"g":12,"b":7,"a":255},
    {"I":-38,"J":-12,"r":70,"g":255,"b":142,"a":255},
    {"I":-27,"J":2,"r":4,"g":12,"b":7,"a":255},
    {"I":-38,"J":-13,"r":70,"g":255,"b":142,"a":255},
    {"I":-27,"J":1,"r":70,"g":255,"b":142,"a":255},
    {"I":-33,"J":-6,"r":4,"g":12,"b":7,"a":255},
    {"I":-37,"J":-14,"r":70,"g":255,"b":142,"a":255},
    {"I":-21,"J":7,"r":70,"g":255,"b":142,"a":255},
    {"I":-26,"J":0,"r":70,"g":255,"b":142,"a":255},
    {"I":-32,"J":-7,"r":4,"g":12,"b":7,"a":255},
    {"I":-36,"J":-15,"r":70,"g":255,"b":142,"a":255},
    {"I":-20,"J":6,"r":70,"g":255,"b":142,"a":255},
    {"I":-26,"J":-1,"r":70,"g":255,"b":142,"a":255},
    {"I":-31,"J":-8,"r":70,"g":255,"b":142,"a":255},
    {"I":-35,"J":-15,"r":70,"g":255,"b":142,"a":255},
    {"I":-19,"J":6,"r":70,"g":255,"b":142,"a":255},
    {"I":-25,"J":-1,"r":70,"g":255,"b":142,"a":255},
    {"I":-30,"J":-8,"r":70,"g":255,"b":142,"a":255},
    {"I":-34,"J":-15,"r":70,"g":255,"b":142,"a":255},
    {"I":-18,"J":6,"r":70,"g":255,"b":142,"a":255},
    {"I":-24,"J":-1,"r":70,"g":255,"b":142,"a":255},
    {"I":-29,"J":-8,"r":70,"g":255,"b":142,"a":255},
    {"I":-33,"J":-15,"r":70,"g":255,"b":142,"a":255},
    {"I":-17,"J":6,"r":70,"g":255,"b":142,"a":255},
    {"I":-23,"J":-1,"r":70,"g":255,"b":142,"a":255},
    {"I":-28,"J":-8,"r":70,"g":255,"b":142,"a":255},
    {"I":-32,"J":-15,"r":70,"g":255,"b":142,"a":255},
    {"I":-22,"J":-1,"r":70,"g":255,"b":142,"a":255},
    {"I":-27,"J":-8,"r":70,"g":255,"b":142,"a":255},
    {"I":-16,"J":6,"r":70,"g":255,"b":142,"a":255},
    {"I":-32,"J":-14,"r":70,"g":255,"b":142,"a":255},
    {"I":-21,"J":0,"r":9,"g":31,"b":17,"a":255},
    {"I":-27,"J":-7,"r":70,"g":255,"b":142,"a":255},
    {"I":-16,"J":7,"r":70,"g":255,"b":142,"a":255},
    {"I":-32,"J":-13,"r":70,"g":255,"b":142,"a":255},
    {"I":-21,"J":1,"r":4,"g":12,"b":7,"a":255},
    {"I":-27,"J":-6,"r":70,"g":255,"b":142,"a":255},
    {"I":-16,"J":8,"r":70,"g":255,"b":142,"a":255},
    {"I":-34,"J":-16,"r":70,"g":255,"b":142,"a":255},
    {"I":-18,"J":5,"r":70,"g":255,"b":142,"a":255},
    {"I":-24,"J":-2,"r":70,"g":255,"b":142,"a":255},
    {"I":-29,"J":-9,"r":4,"g":12,"b":7,"a":255},
    {"I":-33,"J":-16,"r":70,"g":255,"b":142,"a":255},
    {"I":-17,"J":5,"r":70,"g":255,"b":142,"a":255},
    {"I":-23,"J":-2,"r":70,"g":255,"b":142,"a":255},
    {"I":-28,"J":-9,"r":4,"g":12,"b":7,"a":255},
    {"I":-32,"J":-16,"r":70,"g":255,"b":142,"a":255},
    {"I":-16,"J":5,"r":70,"g":255,"b":142,"a":255},
    {"I":-22,"J":-2,"r":70,"g":255,"b":142,"a":255},
    {"I":-27,"J":-9,"r":4,"g":12,"b":7,"a":255},
    {"I":-31,"J":-16,"r":70,"g":255,"b":142,"a":255},
    {"I":-21,"J":-2,"r":70,"g":255,"b":142,"a":255},
    {"I":-26,"J":-9,"r":70,"g":255,"b":142,"a":255},
    {"I":-15,"J":5,"r":70,"g":255,"b":142,"a":255},
    {"I":-31,"J":-15,"r":70,"g":255,"b":142,"a":255},
    {"I":-21,"J":-1,"r":70,"g":255,"b":142,"a":255},
    {"I":-26,"J":-8,"r":70,"g":255,"b":142,"a":255},
    {"I":-15,"J":6,"r":70,"g":255,"b":142,"a":255},
    {"I":-31,"J":-14,"r":70,"g":255,"b":142,"a":255},
    {"I":-20,"J":0,"r":4,"g":12,"b":7,"a":255},
    {"I":-26,"J":-7,"r":70,"g":255,"b":142,"a":255},
    {"I":-15,"J":7,"r":70,"g":255,"b":142,"a":255},
    {"I":-30,"J":-16,"r":70,"g":255,"b":142,"a":255},
    {"I":-20,"J":-2,"r":4,"g":12,"b":7,"a":255},
    {"I":-25,"J":-9,"r":70,"g":255,"b":142,"a":255},
    {"I":-14,"J":5,"r":70,"g":255,"b":142,"a":255},
    {"I":-30,"J":-15,"r":70,"g":255,"b":142,"a":255},
    {"I":-20,"J":-1,"r":4,"g":12,"b":7,"a":255},
    {"I":-25,"J":-8,"r":70,"g":255,"b":142,"a":255},
    {"I":-14,"J":6,"r":70,"g":255,"b":142,"a":255},
    {"I":-30,"J":-14,"r":70,"g":255,"b":142,"a":255},
    {"I":-19,"J":0,"r":4,"g":12,"b":7,"a":255},
    {"I":-25,"J":-7,"r":70,"g":255,"b":142,"a":255},
    {"I":-31,"J":-13,"r":70,"g":255,"b":142,"a":255},
    {"I":-20,"J":1,"r":4,"g":12,"b":7,"a":255},
    {"I":-26,"J":-6,"r":70,"g":255,"b":142,"a":255},
    {"I":-30,"J":-13,"r":70,"g":255,"b":142,"a":255},
    {"I":-25,"J":-6,"r":70,"g":255,"b":142,"a":255},
    {"I":-19,"J":1,"r":4,"g":12,"b":7,"a":255},
    {"I":-29,"J":-15,"r":70,"g":255,"b":142,"a":255},
    {"I":-19,"J":-1,"r":4,"g":12,"b":7,"a":255},
    {"I":-24,"J":-8,"r":70,"g":255,"b":142,"a":255},
    {"I":-29,"J":-14,"r":70,"g":255,"b":142,"a":255},
    {"I":-18,"J":0,"r":4,"g":12,"b":7,"a":255},
    {"I":-24,"J":-7,"r":70,"g":255,"b":142,"a":255},
    {"I":-29,"J":-13,"r":70,"g":255,"b":142,"a":255},
    {"I":-18,"J":1,"r":4,"g":12,"b":7,"a":255},
    {"I":-24,"J":-6,"r":70,"g":255,"b":142,"a":255},
    {"I":-28,"J":-15,"r":70,"g":255,"b":142,"a":255},
    {"I":-18,"J":-1,"r":4,"g":12,"b":7,"a":255},
    {"I":-23,"J":-8,"r":70,"g":255,"b":142,"a":255},
    {"I":-28,"J":-14,"r":70,"g":255,"b":142,"a":255},
    {"I":-17,"J":0,"r":70,"g":255,"b":142,"a":255},
    {"I":-23,"J":-7,"r":70,"g":255,"b":142,"a":255},
    {"I":-28,"J":-13,"r":70,"g":255,"b":142,"a":255},
    {"I":-17,"J":1,"r":70,"g":255,"b":142,"a":255},
    {"I":-23,"J":-6,"r":70,"g":255,"b":142,"a":255},
    {"I":-27,"J":-15,"r":70,"g":255,"b":142,"a":255},
    {"I":-17,"J":-1,"r":70,"g":255,"b":142,"a":255},
    {"I":-22,"J":-8,"r":70,"g":255,"b":142,"a":255},
    {"I":-27,"J":-14,"r":70,"g":255,"b":142,"a":255},
    {"I":-16,"J":0,"r":70,"g":255,"b":142,"a":255},
    {"I":-22,"J":-7,"r":70,"g":255,"b":142,"a":255},
    {"I":-27,"J":-13,"r":70,"g":255,"b":142,"a":255},
    {"I":-16,"J":1,"r":70,"g":255,"b":142,"a":255},
    {"I":-22,"J":-6,"r":70,"g":255,"b":142,"a":255},
    {"I":-28,"J":-12,"r":4,"g":12,"b":7,"a":255},
    {"I":-17,"J":2,"r":70,"g":255,"b":142,"a":255},
    {"I":-23,"J":-5,"r":70,"g":255,"b":142,"a":255},
    {"I":-27,"J":-12,"r":4,"g":12,"b":7,"a":255},
    {"I":-16,"J":2,"r":70,"g":255,"b":142,"a":255},
    {"I":-22,"J":-5,"r":70,"g":255,"b":142,"a":255},
    {"I":-26,"J":-14,"r":70,"g":255,"b":142,"a":255},
    {"I":-15,"J":0,"r":70,"g":255,"b":142,"a":255},
    {"I":-21,"J":-7,"r":70,"g":255,"b":142,"a":255},
    {"I":-26,"J":-13,"r":70,"g":255,"b":142,"a":255},
    {"I":-15,"J":1,"r":70,"g":255,"b":142,"a":255},
    {"I":-21,"J":-6,"r":70,"g":255,"b":142,"a":255},
    {"I":-26,"J":-12,"r":70,"g":255,"b":142,"a":255},
    {"I":-15,"J":2,"r":70,"g":255,"b":142,"a":255},
    {"I":-21,"J":-5,"r":70,"g":255,"b":142,"a":255},
    {"I":-25,"J":-13,"r":70,"g":255,"b":142,"a":255},
    {"I":-14,"J":1,"r":70,"g":255,"b":142,"a":255},
    {"I":-20,"J":-6,"r":70,"g":255,"b":142,"a":255},
    {"I":-25,"J":-12,"r":70,"g":255,"b":142,"a":255},
    {"I":-14,"J":2,"r":70,"g":255,"b":142,"a":255},
    {"I":-20,"J":-5,"r":70,"g":255,"b":142,"a":255},
    {"I":-24,"J":-12,"r":70,"g":255,"b":142,"a":255},
    {"I":-19,"J":-5,"r":70,"g":255,"b":142,"a":255},
    {"I":-26,"J":-11,"r":70,"g":255,"b":142,"a":255},
    {"I":-15,"J":3,"r":70,"g":255,"b":142,"a":255},
    {"I":-21,"J":-4,"r":70,"g":255,"b":142,"a":255},
    {"I":-25,"J":-11,"r":70,"g":255,"b":142,"a":255},
    {"I":-14,"J":3,"r":70,"g":255,"b":142,"a":255},
    {"I":-20,"J":-4,"r":4,"g":12,"b":7,"a":255},
    {"I":-24,"J":-11,"r":70,"g":255,"b":142,"a":255},
    {"I":-25,"J":-10,"r":70,"g":255,"b":142,"a":255},
    {"I":-30,"J":-17,"r":70,"g":255,"b":142,"a":255},
    {"I":-20,"J":-3,"r":4,"g":12,"b":7,"a":255},
    {"I":-14,"J":4,"r":70,"g":255,"b":142,"a":255},
    {"I":-24,"J":-10,"r":70,"g":255,"b":142,"a":255},
    {"I":-29,"J":-17,"r":70,"g":255,"b":142,"a":255},
    {"I":-19,"J":-3,"r":4,"g":12,"b":7,"a":255},
    {"I":-23,"J":-10,"r":70,"g":255,"b":142,"a":255},
    {"I":-28,"J":-17,"r":70,"g":255,"b":142,"a":255},
    {"I":-22,"J":-10,"r":70,"g":255,"b":142,"a":255},
    {"I":-27,"J":-17,"r":70,"g":255,"b":142,"a":255},
    {"I":-26,"J":-15,"r":70,"g":255,"b":142,"a":255},
    {"I":-16,"J":-1,"r":70,"g":255,"b":142,"a":255},
    {"I":-21,"J":-8,"r":70,"g":255,"b":142,"a":255},
    {"I":-29,"J":-16,"r":70,"g":255,"b":142,"a":255},
    {"I":-19,"J":-2,"r":4,"g":12,"b":7,"a":255},
    {"I":-24,"J":-9,"r":70,"g":255,"b":142,"a":255},
    {"I":-28,"J":-16,"r":70,"g":255,"b":142,"a":255},
    {"I":-18,"J":-2,"r":4,"g":12,"b":7,"a":255},
    {"I":-23,"J":-9,"r":70,"g":255,"b":142,"a":255},
    {"I":-35,"J":-16,"r":70,"g":255,"b":142,"a":255},
    {"I":-19,"J":5,"r":70,"g":255,"b":142,"a":255},
    {"I":-25,"J":-2,"r":70,"g":255,"b":142,"a":255},
    {"I":-30,"J":-9,"r":70,"g":255,"b":142,"a":255},
    {"I":-36,"J":-16,"r":70,"g":255,"b":142,"a":255},
    {"I":-20,"J":5,"r":70,"g":255,"b":142,"a":255},
    {"I":-26,"J":-2,"r":70,"g":255,"b":142,"a":255},
    {"I":-31,"J":-9,"r":70,"g":255,"b":142,"a":255},
    {"I":-37,"J":-16,"r":70,"g":255,"b":142,"a":255},
    {"I":-21,"J":5,"r":70,"g":255,"b":142,"a":255},
    {"I":-27,"J":-2,"r":70,"g":255,"b":142,"a":255},
    {"I":-32,"J":-9,"r":70,"g":255,"b":142,"a":255},
    {"I":-37,"J":-15,"r":70,"g":255,"b":142,"a":255},
    {"I":-21,"J":6,"r":70,"g":255,"b":142,"a":255},
    {"I":-27,"J":-1,"r":70,"g":255,"b":142,"a":255},
    {"I":-32,"J":-8,"r":70,"g":255,"b":142,"a":255},
    {"I":-38,"J":-15,"r":70,"g":255,"b":142,"a":255},
    {"I":-22,"J":6,"r":70,"g":255,"b":142,"a":255},
    {"I":-28,"J":-1,"r":70,"g":255,"b":142,"a":255},
    {"I":-33,"J":-8,"r":70,"g":255,"b":142,"a":255},
    {"I":-38,"J":-14,"r":70,"g":255,"b":142,"a":255},
    {"I":-22,"J":7,"r":70,"g":255,"b":142,"a":255},
    {"I":-27,"J":0,"r":70,"g":255,"b":142,"a":255},
    {"I":-33,"J":-7,"r":4,"g":12,"b":7,"a":255},
    {"I":-39,"J":-14,"r":70,"g":255,"b":142,"a":255},
    {"I":-23,"J":7,"r":70,"g":255,"b":142,"a":255},
    {"I":-28,"J":0,"r":70,"g":255,"b":142,"a":255},
    {"I":-34,"J":-7,"r":4,"g":12,"b":7,"a":255},
    {"I":-39,"J":-13,"r":70,"g":255,"b":142,"a":255},
    {"I":-28,"J":1,"r":70,"g":255,"b":142,"a":255},
    {"I":-32,"J":-17,"r":70,"g":255,"b":142,"a":255},
    {"I":-16,"J":4,"r":70,"g":255,"b":142,"a":255},
    {"I":-22,"J":-3,"r":70,"g":255,"b":142,"a":255},
    {"I":-27,"J":-10,"r":4,"g":12,"b":7,"a":255},
    {"I":-31,"J":-17,"r":70,"g":255,"b":142,"a":255},
    {"I":-15,"J":4,"r":70,"g":255,"b":142,"a":255},
    {"I":-21,"J":-3,"r":70,"g":255,"b":142,"a":255},
    {"I":-26,"J":-10,"r":70,"g":255,"b":142,"a":255},
    {"I":-27,"J":-16,"r":70,"g":255,"b":142,"a":255},
    {"I":-17,"J":-2,"r":70,"g":255,"b":142,"a":255},
    {"I":-22,"J":-9,"r":70,"g":255,"b":142,"a":255},
    {"I":-34,"J":-6,"r":4,"g":12,"b":7,"a":255},
    {"I":-17,"J":-10,"r":70,"g":255,"b":142,"a":255},
    {"I":-33,"J":-5,"r":4,"g":12,"b":7,"a":255},
    {"I":-16,"J":-9,"r":70,"g":255,"b":142,"a":255},
    {"I":-32,"J":-4,"r":4,"g":12,"b":7,"a":255},
    {"I":-15,"J":-8,"r":70,"g":255,"b":142,"a":255},
    {"I":-16,"J":3,"r":70,"g":255,"b":142,"a":255},
    {"I":-22,"J":-4,"r":70,"g":255,"b":142,"a":255},
    {"I":-27,"J":-11,"r":4,"g":12,"b":7,"a":255},
    {"I":-17,"J":3,"r":70,"g":255,"b":142,"a":255},
    {"I":-23,"J":-4,"r":70,"g":255,"b":142,"a":255},
    {"I":-28,"J":-11,"r":4,"g":12,"b":7,"a":255},
    {"I":-17,"J":4,"r":70,"g":255,"b":142,"a":255},
    {"I":-23,"J":-3,"r":70,"g":255,"b":142,"a":255},
    {"I":-28,"J":-10,"r":4,"g":12,"b":7,"a":255},
    {"I":-18,"J":2,"r":4,"g":15,"b":8,"a":255},
    {"I":-24,"J":-5,"r":70,"g":255,"b":142,"a":255},
    {"I":-29,"J":-12,"r":4,"g":12,"b":7,"a":255},
    {"I":-18,"J":3,"r":70,"g":255,"b":142,"a":255},
    {"I":-24,"J":-4,"r":70,"g":255,"b":142,"a":255},
    {"I":-29,"J":-11,"r":4,"g":12,"b":7,"a":255},
    {"I":-18,"J":4,"r":70,"g":255,"b":142,"a":255},
    {"I":-24,"J":-3,"r":70,"g":255,"b":142,"a":255},
    {"I":-29,"J":-10,"r":4,"g":12,"b":7,"a":255},
    {"I":-19,"J":3,"r":4,"g":15,"b":8,"a":255},
    {"I":-25,"J":-4,"r":70,"g":255,"b":142,"a":255},
    {"I":-30,"J":-11,"r":9,"g":31,"b":17,"a":255},
    {"I":-19,"J":4,"r":70,"g":255,"b":142,"a":255},
    {"I":-25,"J":-3,"r":70,"g":255,"b":142,"a":255},
    {"I":-30,"J":-10,"r":9,"g":31,"b":17,"a":255},
    {"I":-20,"J":3,"r":4,"g":12,"b":7,"a":255},
    {"I":-26,"J":-4,"r":70,"g":255,"b":142,"a":255},
    {"I":-31,"J":-11,"r":70,"g":255,"b":142,"a":255},
    {"I":-20,"J":4,"r":19,"g":70,"b":39,"a":255},
    {"I":-26,"J":-3,"r":70,"g":255,"b":142,"a":255},
    {"I":-31,"J":-10,"r":70,"g":255,"b":142,"a":255},
    {"I":-21,"J":4,"r":4,"g":12,"b":7,"a":255},
    {"I":-27,"J":-3,"r":70,"g":255,"b":142,"a":255},
    {"I":-32,"J":-10,"r":70,"g":255,"b":142,"a":255},
    {"I":-22,"J":4,"r":4,"g":12,"b":7,"a":255},
    {"I":-28,"J":-3,"r":70,"g":255,"b":142,"a":255},
    {"I":-33,"J":-10,"r":70,"g":255,"b":142,"a":255},
    {"I":-22,"J":5,"r":70,"g":255,"b":142,"a":255},
    {"I":-28,"J":-2,"r":70,"g":255,"b":142,"a":255},
    {"I":-33,"J":-9,"r":70,"g":255,"b":142,"a":255},
    {"I":-17,"J":-3,"r":70,"g":255,"b":142,"a":255},
    {"I":-33,"J":1,"r":70,"g":255,"b":142,"a":255},
    {"I":-19,"J":-4,"r":4,"g":12,"b":7,"a":255},
    {"I":-35,"J":0,"r":70,"g":255,"b":142,"a":255},
    {"I":-18,"J":-3,"r":4,"g":12,"b":7,"a":255},
    {"I":-34,"J":1,"r":70,"g":255,"b":142,"a":255},
    {"I":-27,"J":-4,"r":70,"g":255,"b":142,"a":255},
    {"I":-21,"J":3,"r":4,"g":12,"b":7,"a":255},
    {"I":-32,"J":-11,"r":70,"g":255,"b":142,"a":255},
    {"I":-27,"J":-5,"r":70,"g":255,"b":142,"a":255},
    {"I":-21,"J":2,"r":4,"g":12,"b":7,"a":255},
    {"I":-32,"J":-12,"r":70,"g":255,"b":142,"a":255},
    {"I":-26,"J":-5,"r":70,"g":255,"b":142,"a":255},
    {"I":-20,"J":2,"r":4,"g":12,"b":7,"a":255},
    {"I":-31,"J":-12,"r":70,"g":255,"b":142,"a":255},
    {"I":-25,"J":-5,"r":70,"g":255,"b":142,"a":255},
    {"I":-19,"J":2,"r":4,"g":12,"b":7,"a":255},
    {"I":-30,"J":-12,"r":9,"g":31,"b":17,"a":255}
  ]
}
