{
  "cells": [
    {"I":7,"J":-23,"r":255,"g":17,"b":29,"a":255},
    {"I":8,"J":-22,"r":255,"g":17,"b":29,"a":255},
    {"I":10,"J":-20,"r":255,"g":17,"b":29,"a":255},
    {"I":9,"J":-21,"r":255,"g":17,"b":29,"a":255},
    {"I":11,"J":-19,"r":255,"g":17,"b":29,"a":255},
    {"I":10,"J":-19,"r":255,"g":17,"b":29,"a":255},
    {"I":12,"J":-17,"r":255,"g":17,"b":29,"a":255},
    {"I":12,"J":-18,"r":255,"g":17,"b":29,"a":255},
    {"I":11,"J":-18,"r":255,"g":17,"b":29,"a":255},
    {"I":13,"J":-14,"r":255,"g":17,"b":29,"a":255},
    {"I":13,"J":-15,"r":255,"g":17,"b":29,"a":255},
    {"I":13,"J":-16,"r":255,"g":17,"b":29,"a":255},
    {"I":12,"J":-16,"r":255,"g":17,"b":29,"a":255},
    {"I":-15,"J":3,"r":255,"g":17,"b":29,"a":255},
    {"I":-10,"J":8,"r":255,"g":17,"b":29,"a":255},
    {"I":-11,"J":7,"r":255,"g":17,"b":29,"a":255},
    {"I":-12,"J":7,"r":255,"g":17,"b":29,"a":255},
    {"I":-12,"J":6,"r":255,"g":17,"b":29,"a":255},
    {"I":-13,"J":6,"r":255,"g":17,"b":29,"a":255},
    {"I":-13,"J":5,"r":255,"g":17,"b":29,"a":255},
    {"I":-14,"J":5,"r":255,"g":17,"b":29,"a":255},
    {"I":2,"J":-22,"r":255,"g":17,"b":29,"a":255},
    {"I":-4,"J":-26,"r":255,"g":17,"b":29,"a":255},
    {"I":-5,"J":-26,"r":255,"g":17,"b":29,"a":255},
    {"I":-6,"J":-26,"r":255,"g":17,"b":29,"a":255},
    {"I":-7,"J":-26,"r":255,"g":17,"b":29,"a":255},
    {"I":-8,"J":-26,"r":255,"g":17,"b":29,"a":255},
    {"I":-17,"J":-12,"r":255,"g":17,"b":29,"a":255},
    {"I":1,"J":-23,"r":255,"g":17,"b":29,"a":255},
    {"I":-19,"J":-3,"r":255,"g":17,"b":29,"a":255},
    {"I":1,"J":16,"r":255,"g":17,"b":29,"a":255},
    {"I":1,"J":15,"r":255,"g":17,"b":29,"a":255},
    {"I":2,"J":18,"r":255,"g":17,"b":29,"a":255},
    {"I":2,"J":17,"r":255,"g":17,"b":29,"a":255},
    {"I":1,"J":17,"r":255,"g":17,"b":29,"a":255},
    {"I":16,"J":12,"r":255,"g":17,"b":29,"a":255},
    {"I":15,"J":12,"r":255,"g":17,"b":29,"a":255},
    {"I":14,"J":12,"r":255,"g":17,"b":29,"a":255},
    {"I":0,"J":15,"r":255,"g":17,"b":29,"a":255},
    {"I":17,"J":11,"r":255,"g":17,"b":29,"a":255},
    {"I":17,"J":10,"r":255,"g":17,"b":29,"a":255},
    {"I":16,"J":11,"r":255,"g":17,"b":29,"a":255},
    {"I":16,"J":10,"r":255,"g":17,"b":29,"a":255},
    {"I":15,"J":11,"r":255,"g":17,"b":29,"a":255},
    {"I":15,"J":10,"r":255,"g":17,"b":29,"a":255},
    {"I":14,"J":11,"r":255,"g":17,"b":29,"a":255},
    {"I":14,"J":10,"r":255,"g":17,"b":29,"a":255},
    {"I":13,"J":11,"r":255,"g":17,"b":29,"a":255},
    {"I":-23,"J":-2,"r":255,"g":17,"b":29,"a":255},
    {"I":-21,"J":-3,"r":255,"g":17,"b":29,"a":255},
    {"I":-22,"J":-3,"r":255,"g":17,"b":29,"a":255},
    {"I":-23,"J":-3,"r":255,"g":17,"b":29,"a":255},
    {"I":-21,"J":-4,"r":255,"g":17,"b":29,"a":255},
    {"I":-21,"J":-5,"r":255,"g":17,"b":29,"a":255},
    {"I":-21,"J":-6,"r":255,"g":17,"b":29,"a":255},
    {"I":-22,"J":-4,"r":255,"g":17,"b":29,"a":255},
    {"I":-23,"J":-4,"r":255,"g":17,"b":29,"a":255},
    {"I":-24,"J":-4,"r":255,"g":17,"b":29,"a":255},
    {"I":-22,"J":-5,"r":255,"g":17,"b":29,"a":255},
    {"I":-23,"J":-5,"r":255,"g":17,"b":29,"a":255},
    {"I":-24,"J":-5,"r":255,"g":17,"b":29,"a":255},
    {"I":-22,"J":-6,"r":255,"g":17,"b":29,"a":255},
    {"I":-23,"J":-6,"r":255,"g":17,"b":29,"a":255},
    {"I":-24,"J":-6,"r":255,"g":17,"b":29,"a":255},
    {"I":-22,"J":-7,"r":255,"g":17,"b":29,"a":255},
    {"I":-23,"J":-7,"r":255,"g":17,"b":29,"a":255},
    {"I":-24,"J":-7,"r":255,"g":17,"b":29,"a":255},
    {"I":-22,"J":-8,"r":255,"g":17,"b":29,"a":255},
    {"I":-23,"J":-8,"r":255,"g":17,"b":29,"a":255},
    {"I":-24,"J":-8,"r":255,"g":17,"b":29,"a":255},
    {"I":-24,"J":-9,"r":255,"g":17,"b":29,"a":255},
    {"I":-24,"J":-10,"r":255,"g":17,"b":29,"a":255},
    {"I":-24,"J":-11,"r":255,"g":17,"b":29,"a":255},
    {"I":-21,"J":-9,"r":255,"g":17,"b":29,"a":255},
    {"I":-22,"J":-9,"r":255,"g":17,"b":29,"a":255},
    {"I":-23,"J":-9,"r":255,"g":17,"b":29,"a":255},
    {"I":-23,"J":-10,"r":255,"g":17,"b":29,"a":255},
    {"I":-23,"J":-11,"r":255,"g":17,"b":29,"a":255},
    {"I":-23,"J":-12,"r":255,"g":17,"b":29,"a":255},
    {"I":-20,"J":-10,"r":255,"g":17,"b":29,"a":255},
    {"I":-21,"J":-10,"r":255,"g":17,"b":29,"a":255},
    {"I":-22,"J":-10,"r":255,"g":17,"b":29,"a":255},
    {"I":-22,"J":-11,"r":255,"g":17,"b":29,"a":255},
    {"I":-22,"J":-12,"r":255,"g":17,"b":29,"a":255},
    {"I":-22,"J":-13,"r":255,"g":17,"b":29,"a":255},
    {"I":-19,"J":-11,"r":255,"g":17,"b":29,"a":255},
    {"I":-20,"J":-11,"r":255,"g":17,"b":29,"a":255},
    {"I":-21,"J":-11,"r":255,"g":17,"b":29,"a":255},
    {"I":-21,"J":-12,"r":255,"g":17,"b":29,"a":255},
    {"I":-21,"J":-13,"r":255,"g":17,"b":29,"a":255},
    {"I":-21,"J":-14,"r":255,"g":17,"b":29,"a":255},
    {"I":-18,"J":-12,"r":255,"g":17,"b":29,"a":255},
    {"I":-19,"J":-12,"r":255,"g":17,"b":29,"a":255},
    {"I":-20,"J":-12,"r":255,"g":17,"b":29,"a":255},
    {"I":-20,"J":-13,"r":255,"g":17,"b":29,"a":255},
    {"I":-20,"J":-14,"r":255,"g":17,"b":29,"a":255},
    {"I":-20,"J":-15,"r":255,"g":17,"b":29,"a":255},
    {"I":-17,"J":-13,"r":255,"g":17,"b":29,"a":255},
    {"I":-18,"J":-13,"r":255,"g":17,"b":29,"a":255},
    {"I":-19,"J":-13,"r":255,"g":17,"b":29,"a":255},
    {"I":-19,"J":-14,"r":255,"g":17,"b":29,"a":255},
    {"I":-19,"J":-15,"r":255,"g":17,"b":29,"a":255},
    {"I":-16,"J":-14,"r":255,"g":17,"b":29,"a":255},
    {"I":-17,"J":-14,"r":255,"g":17,"b":29,"a":255},
    {"I":-18,"J":-14,"r":255,"g":17,"b":29,"a":255},
    {"I":-16,"J":-15,"r":255,"g":17,"b":29,"a":255},
    {"I":-17,"J":-15,"r":255,"g":17,"b":29,"a":255},
    {"I":-18,"J":-15,"r":255,"g":17,"b":29,"a":255},
    {"I":-15,"J":-16,"r":255,"g":17,"b":29,"a":255},
    {"I":-14,"J":-17,"r":255,"g":17,"b":29,"a":255},
    {"I":-14,"J":-18,"r":255,"g":17,"b":29,"a":255},
    {"I":-13,"J":-19,"r":255,"g":17,"b":29,"a":255},
    {"I":-12,"J":-22,"r":255,"g":17,"b":29,"a":255},
    {"I":-13,"J":-20,"r":255,"g":17,"b":29,"a":255},
    {"I":-13,"J":-21,"r":255,"g":17,"b":29,"a":255},
    {"I":-14,"J":-19,"r":255,"g":17,"b":29,"a":255},
    {"I":-14,"J":-20,"r":255,"g":17,"b":29,"a":255},
    {"I":-15,"J":-17,"r":255,"g":17,"b":29,"a":255},
    {"I":-15,"J":-18,"r":255,"g":17,"b":29,"a":255},
    {"I":-19,"J":-16,"r":255,"g":17,"b":29,"a":255},
    {"I":-19,"J":-17,"r":255,"g":17,"b":29,"a":255},
    {"I":-19,"J":-18,"r":255,"g":17,"b":29,"a":255},
    {"I":-16,"J":-16,"r":255,"g":17,"b":29,"a":255},
    {"I":-17,"J":-16,"r":255,"g":17,"b":29,"a":255},
    {"I":-18,"J":-16,"r":255,"g":17,"b":29,"a":255},
    {"I":-16,"J":-17,"r":255,"g":17,"b":29,"a":255},
    {"I":-17,"J":-17,"r":255,"g":17,"b":29,"a":255},
    {"I":-18,"J":-17,"r":255,"g":17,"b":29,"a":255},
    {"I":-16,"J":-18,"r":255,"g":17,"b":29,"a":255},
    {"I":-17,"J":-18,"r":255,"g":17,"b":29,"a":255},
    {"I":-18,"J":-18,"r":255,"g":17,"b":29,"a":255},
    {"I":-18,"J":-19,"r":255,"g":17,"b":29,"a":255},
    {"I":-1,"J":-24,"r":255,"g":17,"b":29,"a":255},
    {"I":-18,"J":-20,"r":255,"g":17,"b":29,"a":255},
    {"I":-15,"J":-19,"r":255,"g":17,"b":29,"a":255},
    {"I":-16,"J":-19,"r":255,"g":17,"b":29,"a":255},
    {"I":-17,"J":-19,"r":255,"g":17,"b":29,"a":255},
    {"I":-15,"J":-20,"r":255,"g":17,"b":29,"a":255},
    {"I":-16,"J":-20,"r":255,"g":17,"b":29,"a":255},
    {"I":-17,"J":-20,"r":255,"g":17,"b":29,"a":255},
    {"I":-17,"J":-21,"r":255,"g":17,"b":29,"a":255},
    {"I":-17,"J":-22,"r":255,"g":17,"b":29,"a":255},
    {"I":-17,"J":-23,"r":255,"g":17,"b":29,"a":255},
    {"I":-14,"J":-21,"r":255,"g":17,"b":29,"a":255},
    {"I":-15,"J":-21,"r":255,"g":17,"b":29,"a":255},
    {"I":-16,"J":-21,"r":255,"g":17,"b":29,"a":255},
    {"I":-16,"J":-22,"r":255,"g":17,"b":29,"a":255},
    {"I":-16,"J":-23,"r":255,"g":17,"b":29,"a":255},
    {"I":-13,"J":-22,"r":255,"g":17,"b":29,"a":255},
    {"I":-14,"J":-22,"r":255,"g":17,"b":29,"a":255},
    {"I":-15,"J":-22,"r":255,"g":17,"b":29,"a":255},
    {"I":-15,"J":-23,"r":255,"g":17,"b":29,"a":255},
    {"I":-14,"J":-23,"r":255,"g":17,"b":29,"a":255},
    {"I":-11,"J":-23,"r":255,"g":17,"b":29,"a":255},
    {"I":-12,"J":-23,"r":255,"g":17,"b":29,"a":255},
    {"I":-13,"J":-23,"r":255,"g":17,"b":29,"a":255},
    {"I":-10,"J":-24,"r":255,"g":17,"b":29,"a":255},
    {"I":-11,"J":-24,"r":255,"g":17,"b":29,"a":255},
    {"I":-10,"J":-25,"r":255,"g":17,"b":29,"a":255},
    {"I":-9,"J":-26,"r":255,"g":17,"b":29,"a":255},
    {"I":-10,"J":-26,"r":255,"g":17,"b":29,"a":255},
    {"I":-11,"J":-25,"r":255,"g":17,"b":29,"a":255},
    {"I":-12,"J":-24,"r":255,"g":17,"b":29,"a":255},
    {"I":-12,"J":-25,"r":255,"g":17,"b":29,"a":255},
    {"I":-13,"J":-24,"r":255,"g":17,"b":29,"a":255},
    {"I":-13,"J":-25,"r":255,"g":17,"b":29,"a":255},
    {"I":-14,"J":-24,"r":255,"g":17,"b":29,"a":255},
    {"I":-14,"J":-25,"r":255,"g":17,"b":29,"a":255},
    {"I":-15,"J":-24,"r":255,"g":17,"b":29,"a":255},
    {"I":-16,"J":-24,"r":255,"g":17,"b":29,"a":255},
    {"I":-17,"J":-24,"r":255,"g":17,"b":29,"a":255},
    {"I":-15,"J":-25,"r":255,"g":17,"b":29,"a":255},
    {"I":-16,"J":-25,"r":255,"g":17,"b":29,"a":255},
    {"I":-17,"J":-25,"r":255,"g":17,"b":29,"a":255},
    {"I":-17,"J":-26,"r":255,"g":17,"b":29,"a":255},
    {"I":-12,"J":-20,"r":255,"g":17,"b":29,"a":255},
    {"I":-17,"J":-27,"r":255,"g":17,"b":29,"a":255},
    {"I":-12,"J":-21,"r":255,"g":17,"b":29,"a":255},
    {"I":-17,"J":-28,"r":255,"g":17,"b":29,"a":255},
    {"I":-6,"J":-27,"r":255,"g":17,"b":29,"a":255},
    {"I":-7,"J":-27,"r":255,"g":17,"b":29,"a":255},
    {"I":-8,"J":-27,"r":255,"g":17,"b":29,"a":255},
    {"I":-5,"J":-27,"r":255,"g":17,"b":29,"a":255},
    {"I":-5,"J":-28,"r":255,"g":17,"b":29,"a":255},
    {"I":-4,"J":-27,"r":255,"g":17,"b":29,"a":255},
    {"I":-4,"J":-28,"r":255,"g":17,"b":29,"a":255},
    {"I":-1,"J":-29,"r":255,"g":17,"b":29,"a":255},
    {"I":-3,"J":-27,"r":255,"g":17,"b":29,"a":255},
    {"I":-3,"J":-28,"r":255,"g":17,"b":29,"a":255},
    {"I":-1,"J":-28,"r":255,"g":17,"b":29,"a":255},
    {"I":-2,"J":-28,"r":255,"g":17,"b":29,"a":255},
    {"I":8,"J":-21,"r":255,"g":17,"b":29,"a":255},
    {"I":9,"J":-20,"r":255,"g":17,"b":29,"a":255},
    {"I":6,"J":-24,"r":255,"g":17,"b":29,"a":255},
    {"I":11,"J":-17,"r":255,"g":17,"b":29,"a":255},
    {"I":14,"J":-5,"r":255,"g":17,"b":29,"a":255},
    {"I":-5,"J":15,"r":255,"g":17,"b":29,"a":255},
    {"I":14,"J":-4,"r":255,"g":17,"b":29,"a":255},
    {"I":-5,"J":16,"r":255,"g":17,"b":29,"a":255},
    {"I":15,"J":-2,"r":255,"g":17,"b":29,"a":255},
    {"I":-4,"J":18,"r":255,"g":17,"b":29,"a":255},
    {"I":15,"J":-1,"r":255,"g":17,"b":29,"a":255},
    {"I":17,"J":6,"r":255,"g":17,"b":29,"a":255},
    {"I":12,"J":-2,"r":255,"g":17,"b":29,"a":255},
    {"I":-17,"J":2,"r":255,"g":17,"b":29,"a":255},
    {"I":-12,"J":9,"r":255,"g":17,"b":29,"a":255},
    {"I":-16,"J":3,"r":255,"g":17,"b":29,"a":255},
    {"I":-11,"J":10,"r":255,"g":17,"b":29,"a":255},
    {"I":-15,"J":4,"r":255,"g":17,"b":29,"a":255},
    {"I":-10,"J":11,"r":255,"g":17,"b":29,"a":255},
    {"I":-15,"J":5,"r":255,"g":17,"b":29,"a":255},
    {"I":-10,"J":12,"r":255,"g":17,"b":29,"a":255},
    {"I":-21,"J":-2,"r":255,"g":17,"b":29,"a":255},
    {"I":-14,"J":6,"r":255,"g":17,"b":29,"a":255},
    {"I":-9,"J":13,"r":255,"g":17,"b":29,"a":255},
    {"I":-20,"J":-1,"r":255,"g":17,"b":29,"a":255},
    {"I":-13,"J":7,"r":255,"g":17,"b":29,"a":255},
    {"I":-11,"J":8,"r":255,"g":17,"b":29,"a":255},
    {"I":-10,"J":9,"r":255,"g":17,"b":29,"a":255},
    {"I":-11,"J":9,"r":255,"g":17,"b":29,"a":255},
    {"I":-9,"J":10,"r":255,"g":17,"b":29,"a":255},
    {"I":-1,"J":20,"r":255,"g":17,"b":29,"a":255},
    {"I":-9,"J":15,"r":255,"g":17,"b":29,"a":255},
    {"I":-14,"J":8,"r":255,"g":17,"b":29,"a":255},
    {"I":-19,"J":1,"r":255,"g":17,"b":29,"a":255},
    {"I":-9,"J":14,"r":255,"g":17,"b":29,"a":255},
    {"I":-14,"J":7,"r":255,"g":17,"b":29,"a":255},
    {"I":-19,"J":0,"r":255,"g":17,"b":29,"a":255},
    {"I":-10,"J":14,"r":255,"g":17,"b":29,"a":255},
    {"I":-15,"J":7,"r":255,"g":17,"b":29,"a":255},
    {"I":-20,"J":0,"r":255,"g":17,"b":29,"a":255},
    {"I":-9,"J":12,"r":255,"g":17,"b":29,"a":255},
    {"I":-20,"J":-2,"r":255,"g":17,"b":29,"a":255},
    {"I":-9,"J":11,"r":255,"g":17,"b":29,"a":255},
    {"I":-20,"J":-3,"r":255,"g":17,"b":29,"a":255},
    {"I":-10,"J":13,"r":255,"g":17,"b":29,"a":255},
    {"I":-15,"J":6,"r":255,"g":17,"b":29,"a":255},
    {"I":-21,"J":-1,"r":255,"g":17,"b":29,"a":255},
    {"I":-11,"J":13,"r":255,"g":17,"b":29,"a":255},
    {"I":-16,"J":6,"r":255,"g":17,"b":29,"a":255},
    {"I":-22,"J":-1,"r":255,"g":17,"b":29,"a":255},
    {"I":-12,"J":13,"r":255,"g":17,"b":29,"a":255},
    {"I":-17,"J":6,"r":255,"g":17,"b":29,"a":255},
    {"I":-10,"J":10,"r":255,"g":17,"b":29,"a":255},
    {"I":-11,"J":12,"r":255,"g":17,"b":29,"a":255},
    {"I":-16,"J":5,"r":255,"g":17,"b":29,"a":255},
    {"I":-22,"J":-2,"r":255,"g":17,"b":29,"a":255},
    {"I":-11,"J":11,"r":255,"g":17,"b":29,"a":255},
    {"I":-16,"J":4,"r":255,"g":17,"b":29,"a":255},
    {"I":-12,"J":12,"r":255,"g":17,"b":29,"a":255},
    {"I":-17,"J":5,"r":255,"g":17,"b":29,"a":255},
    {"I":-13,"J":12,"r":255,"g":17,"b":29,"a":255},
    {"I":-18,"J":5,"r":255,"g":17,"b":29,"a":255},
    {"I":-12,"J":11,"r":255,"g":17,"b":29,"a":255},
    {"I":-17,"J":4,"r":255,"g":17,"b":29,"a":255},
    {"I":-13,"J":11,"r":255,"g":17,"b":29,"a":255},
    {"I":-18,"J":4,"r":255,"g":17,"b":29,"a":255},
    {"I":-14,"J":11,"r":255,"g":17,"b":29,"a":255},
    {"I":-19,"J":4,"r":255,"g":17,"b":29,"a":255},
    {"I":-12,"J":10,"r":255,"g":17,"b":29,"a":255},
    {"I":-17,"J":3,"r":255,"g":17,"b":29,"a":255},
    {"I":-12,"J":8,"r":255,"g":17,"b":29,"a":255},
    {"I":-13,"J":10,"r":255,"g":17,"b":29,"a":255},
    {"I":-18,"J":3,"r":255,"g":17,"b":29,"a":255},
    {"I":-13,"J":9,"r":255,"g":17,"b":29,"a":255},
    {"I":-18,"J":2,"r":255,"g":17,"b":29,"a":255},
    {"I":-13,"J":8,"r":255,"g":17,"b":29,"a":255},
    {"I":-18,"J":1,"r":255,"g":17,"b":29,"a":255},
    {"I":-14,"J":10,"r":255,"g":17,"b":29,"a":255},
    {"I":-19,"J":3,"r":255,"g":17,"b":29,"a":255},
    {"I":-15,"J":10,"r":255,"g":17,"b":29,"a":255},
    {"I":-20,"J":3,"r":255,"g":17,"b":29,"a":255},
    {"I":-14,"J":9,"r":255,"g":17,"b":29,"a":255},
    {"I":-19,"J":2,"r":255,"g":17,"b":29,"a":255},
    {"I":-15,"J":9,"r":255,"g":17,"b":29,"a":255},
    {"I":-20,"J":2,"r":255,"g":17,"b":29,"a":255},
    {"I":-16,"J":9,"r":255,"g":17,"b":29,"a":255},
    {"I":-21,"J":2,"r":255,"g":17,"b":29,"a":255},
    {"I":-15,"J":8,"r":255,"g":17,"b":29,"a":255},
    {"I":-20,"J":1,"r":255,"g":17,"b":29,"a":255},
    {"I":-16,"J":8,"r":255,"g":17,"b":29,"a":255},
    {"I":-21,"J":1,"r":255,"g":17,"b":29,"a":255},
    {"I":-17,"J":8,"r":255,"g":17,"b":29,"a":255},
    {"I":-16,"J":7,"r":255,"g":17,"b":29,"a":255},
    {"I":-21,"J":0,"r":255,"g":17,"b":29,"a":255},
    {"I":-17,"J":7,"r":255,"g":17,"b":29,"a":255},
    {"I":-22,"J":0,"r":255,"g":17,"b":29,"a":255},
    {"I":-18,"J":7,"r":255,"g":17,"b":29,"a":255},
    {"I":-18,"J":6,"r":255,"g":17,"b":29,"a":255},
    {"I":-19,"J":6,"r":255,"g":17,"b":29,"a":255},
    {"I":-19,"J":5,"r":255,"g":17,"b":29,"a":255},
    {"I":-20,"J":4,"r":255,"g":17,"b":29,"a":255},
    {"I":-19,"J":-1,"r":255,"g":17,"b":29,"a":255},
    {"I":-19,"J":-2,"r":255,"g":17,"b":29,"a":255},
    {"I":-17,"J":-9,"r":255,"g":17,"b":29,"a":255},
    {"I":-17,"J":-10,"r":255,"g":17,"b":29,"a":255},
    {"I":-17,"J":-11,"r":255,"g":17,"b":29,"a":255},
    {"I":-18,"J":-11,"r":255,"g":17,"b":29,"a":255},
    {"I":-18,"J":-10,"r":255,"g":17,"b":29,"a":255},
    {"I":-19,"J":-10,"r":255,"g":17,"b":29,"a":255},
    {"I":-18,"J":-8,"r":255,"g":17,"b":29,"a":255},
    {"I":-18,"J":-9,"r":255,"g":17,"b":29,"a":255},
    {"I":-19,"J":-9,"r":255,"g":17,"b":29,"a":255},
    {"I":-20,"J":-9,"r":255,"g":17,"b":29,"a":255},
    {"I":-19,"J":-8,"r":255,"g":17,"b":29,"a":255},
    {"I":-21,"J":-8,"r":255,"g":17,"b":29,"a":255},
    {"I":-21,"J":-7,"r":255,"g":17,"b":29,"a":255},
    {"I":9,"J":-16,"r":255,"g":17,"b":29,"a":255},
    {"I":14,"J":-9,"r":255,"g":17,"b":29,"a":255},
    {"I":4,"J":-23,"r":255,"g":17,"b":29,"a":255},
    {"I":10,"J":-16,"r":255,"g":17,"b":29,"a":255},
    {"I":15,"J":-9,"r":255,"g":17,"b":29,"a":255},
    {"I":5,"J":-23,"r":255,"g":17,"b":29,"a":255},
    {"I":9,"J":-15,"r":255,"g":17,"b":29,"a":255},
    {"I":14,"J":-8,"r":255,"g":17,"b":29,"a":255},
    {"I":4,"J":-22,"r":255,"g":17,"b":29,"a":255},
    {"I":11,"J":-16,"r":255,"g":17,"b":29,"a":255},
    {"I":16,"J":-9,"r":255,"g":17,"b":29,"a":255},
    {"I":6,"J":-23,"r":255,"g":17,"b":29,"a":255},
    {"I":9,"J":-14,"r":255,"g":17,"b":29,"a":255},
    {"I":-5,"J":13,"r":255,"g":17,"b":29,"a":255},
    {"I":14,"J":-7,"r":255,"g":17,"b":29,"a":255},
    {"I":4,"J":-21,"r":255,"g":17,"b":29,"a":255},
    {"I":10,"J":-15,"r":255,"g":17,"b":29,"a":255},
    {"I":15,"J":-8,"r":255,"g":17,"b":29,"a":255},
    {"I":5,"J":-22,"r":255,"g":17,"b":29,"a":255},
    {"I":12,"J":-15,"r":255,"g":17,"b":29,"a":255},
    {"I":7,"J":-22,"r":255,"g":17,"b":29,"a":255},
    {"I":11,"J":-14,"r":255,"g":17,"b":29,"a":255},
    {"I":16,"J":-7,"r":255,"g":17,"b":29,"a":255},
    {"I":6,"J":-21,"r":255,"g":17,"b":29,"a":255},
    {"I":10,"J":-13,"r":255,"g":17,"b":29,"a":255},
    {"I":5,"J":-20,"r":255,"g":17,"b":29,"a":255},
    {"I":15,"J":-6,"r":255,"g":17,"b":29,"a":255},
    {"I":-4,"J":14,"r":255,"g":17,"b":29,"a":255},
    {"I":0,"J":-27,"r":255,"g":17,"b":29,"a":255},
    {"I":-20,"J":-7,"r":255,"g":17,"b":29,"a":255},
    {"I":9,"J":-13,"r":255,"g":17,"b":29,"a":255},
    {"I":-5,"J":14,"r":255,"g":17,"b":29,"a":255},
    {"I":14,"J":-6,"r":255,"g":17,"b":29,"a":255},
    {"I":4,"J":-20,"r":255,"g":17,"b":29,"a":255},
    {"I":11,"J":-15,"r":255,"g":17,"b":29,"a":255},
    {"I":16,"J":-8,"r":255,"g":17,"b":29,"a":255},
    {"I":6,"J":-22,"r":255,"g":17,"b":29,"a":255},
    {"I":10,"J":-14,"r":255,"g":17,"b":29,"a":255},
    {"I":5,"J":-21,"r":255,"g":17,"b":29,"a":255},
    {"I":15,"J":-7,"r":255,"g":17,"b":29,"a":255},
    {"I":-4,"J":13,"r":255,"g":17,"b":29,"a":255},
    {"I":0,"J":-28,"r":255,"g":17,"b":29,"a":255},
    {"I":-20,"J":-8,"r":255,"g":17,"b":29,"a":255},
    {"I":-9,"J":9,"r":255,"g":17,"b":29,"a":255},
    {"I":10,"J":-11,"r":255,"g":17,"b":29,"a":255},
    {"I":-4,"J":16,"r":255,"g":17,"b":29,"a":255},
    {"I":15,"J":-4,"r":255,"g":17,"b":29,"a":255},
    {"I":-20,"J":-5,"r":255,"g":17,"b":29,"a":255},
    {"I":0,"J":-25,"r":255,"g":17,"b":29,"a":255},
    {"I":12,"J":-13,"r":255,"g":17,"b":29,"a":255},
    {"I":17,"J":-6,"r":255,"g":17,"b":29,"a":255},
    {"I":7,"J":-20,"r":255,"g":17,"b":29,"a":255},
    {"I":2,"J":-27,"r":255,"g":17,"b":29,"a":255},
    {"I":-18,"J":-7,"r":255,"g":17,"b":29,"a":255},
    {"I":11,"J":-12,"r":255,"g":17,"b":29,"a":255},
    {"I":6,"J":-19,"r":255,"g":17,"b":29,"a":255},
    {"I":16,"J":-5,"r":255,"g":17,"b":29,"a":255},
    {"I":-3,"J":15,"r":255,"g":17,"b":29,"a":255},
    {"I":1,"J":-26,"r":255,"g":17,"b":29,"a":255},
    {"I":-19,"J":-6,"r":255,"g":17,"b":29,"a":255},
    {"I":12,"J":-14,"r":255,"g":17,"b":29,"a":255},
    {"I":17,"J":-7,"r":255,"g":17,"b":29,"a":255},
    {"I":7,"J":-21,"r":255,"g":17,"b":29,"a":255},
    {"I":10,"J":-12,"r":255,"g":17,"b":29,"a":255},
    {"I":5,"J":-19,"r":255,"g":17,"b":29,"a":255},
    {"I":15,"J":-5,"r":255,"g":17,"b":29,"a":255},
    {"I":-4,"J":15,"r":255,"g":17,"b":29,"a":255},
    {"I":0,"J":-26,"r":255,"g":17,"b":29,"a":255},
    {"I":-20,"J":-6,"r":255,"g":17,"b":29,"a":255},
    {"I":11,"J":-13,"r":255,"g":17,"b":29,"a":255},
    {"I":6,"J":-20,"r":255,"g":17,"b":29,"a":255},
    {"I":16,"J":-6,"r":255,"g":17,"b":29,"a":255},
    {"I":-3,"J":14,"r":255,"g":17,"b":29,"a":255},
    {"I":1,"J":-27,"r":255,"g":17,"b":29,"a":255},
    {"I":-19,"J":-7,"r":255,"g":17,"b":29,"a":255},
    {"I":13,"J":-13,"r":255,"g":17,"b":29,"a":255},
    {"I":8,"J":-20,"r":255,"g":17,"b":29,"a":255},
    {"I":11,"J":-11,"r":255,"g":17,"b":29,"a":255},
    {"I":6,"J":-18,"r":255,"g":17,"b":29,"a":255},
    {"I":16,"J":-4,"r":255,"g":17,"b":29,"a":255},
    {"I":-3,"J":16,"r":255,"g":17,"b":29,"a":255},
    {"I":1,"J":-25,"r":255,"g":17,"b":29,"a":255},
    {"I":-19,"J":-5,"r":255,"g":17,"b":29,"a":255},
    {"I":12,"J":-12,"r":255,"g":17,"b":29,"a":255},
    {"I":7,"J":-19,"r":255,"g":17,"b":29,"a":255},
    {"I":2,"J":-26,"r":255,"g":17,"b":29,"a":255},
    {"I":17,"J":-5,"r":255,"g":17,"b":29,"a":255},
    {"I":-2,"J":15,"r":255,"g":17,"b":29,"a":255},
    {"I":11,"J":-10,"r":255,"g":17,"b":29,"a":255},
    {"I":-19,"J":-4,"r":255,"g":17,"b":29,"a":255},
    {"I":1,"J":-24,"r":255,"g":17,"b":29,"a":255},
    {"I":16,"J":-3,"r":255,"g":17,"b":29,"a":255},
    {"I":-3,"J":17,"r":255,"g":17,"b":29,"a":255},
    {"I":13,"J":-12,"r":255,"g":17,"b":29,"a":255},
    {"I":-1,"J":15,"r":255,"g":17,"b":29,"a":255},
    {"I":18,"J":-5,"r":255,"g":17,"b":29,"a":255},
    {"I":8,"J":-19,"r":255,"g":17,"b":29,"a":255},
    {"I":3,"J":-26,"r":255,"g":17,"b":29,"a":255},
    {"I":12,"J":-11,"r":255,"g":17,"b":29,"a":255},
    {"I":7,"J":-18,"r":255,"g":17,"b":29,"a":255},
    {"I":2,"J":-25,"r":255,"g":17,"b":29,"a":255},
    {"I":17,"J":-4,"r":255,"g":17,"b":29,"a":255},
    {"I":-2,"J":16,"r":255,"g":17,"b":29,"a":255},
    {"I":-8,"J":11,"r":255,"g":17,"b":29,"a":255},
    {"I":11,"J":-9,"r":255,"g":17,"b":29,"a":255},
    {"I":-3,"J":18,"r":255,"g":17,"b":29,"a":255},
    {"I":16,"J":-2,"r":255,"g":17,"b":29,"a":255},
    {"I":14,"J":-12,"r":255,"g":17,"b":29,"a":255},
    {"I":9,"J":-19,"r":255,"g":17,"b":29,"a":255},
    {"I":12,"J":-10,"r":255,"g":17,"b":29,"a":255},
    {"I":7,"J":-17,"r":255,"g":17,"b":29,"a":255},
    {"I":2,"J":-24,"r":255,"g":17,"b":29,"a":255},
    {"I":17,"J":-3,"r":255,"g":17,"b":29,"a":255},
    {"I":-2,"J":17,"r":255,"g":17,"b":29,"a":255},
    {"I":13,"J":-11,"r":255,"g":17,"b":29,"a":255},
    {"I":8,"J":-18,"r":255,"g":17,"b":29,"a":255},
    {"I":3,"J":-25,"r":255,"g":17,"b":29,"a":255},
    {"I":18,"J":-4,"r":255,"g":17,"b":29,"a":255},
    {"I":-1,"J":16,"r":255,"g":17,"b":29,"a":255},
    {"I":-8,"J":12,"r":255,"g":17,"b":29,"a":255},
    {"I":11,"J":-8,"r":255,"g":17,"b":29,"a":255},
    {"I":-3,"J":19,"r":255,"g":17,"b":29,"a":255},
    {"I":16,"J":-1,"r":255,"g":17,"b":29,"a":255},
    {"I":-7,"J":11,"r":255,"g":17,"b":29,"a":255},
    {"I":12,"J":-9,"r":255,"g":17,"b":29,"a":255},
    {"I":-2,"J":18,"r":255,"g":17,"b":29,"a":255},
    {"I":17,"J":-2,"r":255,"g":17,"b":29,"a":255},
    {"I":2,"J":-23,"r":255,"g":17,"b":29,"a":255},
    {"I":14,"J":-11,"r":255,"g":17,"b":29,"a":255},
    {"I":9,"J":-18,"r":255,"g":17,"b":29,"a":255},
    {"I":4,"J":-25,"r":255,"g":17,"b":29,"a":255},
    {"I":13,"J":-10,"r":255,"g":17,"b":29,"a":255},
    {"I":8,"J":-17,"r":255,"g":17,"b":29,"a":255},
    {"I":3,"J":-24,"r":255,"g":17,"b":29,"a":255},
    {"I":18,"J":-3,"r":255,"g":17,"b":29,"a":255},
    {"I":-1,"J":17,"r":255,"g":17,"b":29,"a":255},
    {"I":-8,"J":13,"r":255,"g":17,"b":29,"a":255},
    {"I":11,"J":-7,"r":255,"g":17,"b":29,"a":255},
    {"I":17,"J":0,"r":255,"g":17,"b":29,"a":255},
    {"I":-7,"J":12,"r":255,"g":17,"b":29,"a":255},
    {"I":12,"J":-8,"r":255,"g":17,"b":29,"a":255},
    {"I":-2,"J":19,"r":255,"g":17,"b":29,"a":255},
    {"I":17,"J":-1,"r":255,"g":17,"b":29,"a":255},
    {"I":15,"J":-11,"r":255,"g":17,"b":29,"a":255},
    {"I":10,"J":-18,"r":255,"g":17,"b":29,"a":255},
    {"I":14,"J":-10,"r":255,"g":17,"b":29,"a":255},
    {"I":9,"J":-17,"r":255,"g":17,"b":29,"a":255},
    {"I":4,"J":-24,"r":255,"g":17,"b":29,"a":255},
    {"I":13,"J":-9,"r":255,"g":17,"b":29,"a":255},
    {"I":8,"J":-16,"r":255,"g":17,"b":29,"a":255},
    {"I":3,"J":-23,"r":255,"g":17,"b":29,"a":255},
    {"I":18,"J":-2,"r":255,"g":17,"b":29,"a":255},
    {"I":-1,"J":18,"r":255,"g":17,"b":29,"a":255},
    {"I":-8,"J":14,"r":255,"g":17,"b":29,"a":255},
    {"I":11,"J":-6,"r":255,"g":17,"b":29,"a":255},
    {"I":17,"J":1,"r":255,"g":17,"b":29,"a":255},
    {"I":-7,"J":13,"r":255,"g":17,"b":29,"a":255},
    {"I":12,"J":-7,"r":255,"g":17,"b":29,"a":255},
    {"I":18,"J":0,"r":255,"g":17,"b":29,"a":255},
    {"I":15,"J":-10,"r":255,"g":17,"b":29,"a":255},
    {"I":10,"J":-17,"r":255,"g":17,"b":29,"a":255},
    {"I":5,"J":-24,"r":255,"g":17,"b":29,"a":255},
    {"I":-6,"J":12,"r":255,"g":17,"b":29,"a":255},
    {"I":13,"J":-8,"r":255,"g":17,"b":29,"a":255},
    {"I":-1,"J":19,"r":255,"g":17,"b":29,"a":255},
    {"I":18,"J":-1,"r":255,"g":17,"b":29,"a":255},
    {"I":8,"J":-15,"r":255,"g":17,"b":29,"a":255},
    {"I":3,"J":-22,"r":255,"g":17,"b":29,"a":255},
    {"I":11,"J":-4,"r":255,"g":17,"b":29,"a":255},
    {"I":17,"J":3,"r":255,"g":17,"b":29,"a":255},
    {"I":-7,"J":15,"r":255,"g":17,"b":29,"a":255},
    {"I":12,"J":-5,"r":255,"g":17,"b":29,"a":255},
    {"I":18,"J":2,"r":255,"g":17,"b":29,"a":255},
    {"I":-6,"J":14,"r":255,"g":17,"b":29,"a":255},
    {"I":13,"J":-6,"r":255,"g":17,"b":29,"a":255},
    {"I":-8,"J":15,"r":255,"g":17,"b":29,"a":255},
    {"I":11,"J":-5,"r":255,"g":17,"b":29,"a":255},
    {"I":17,"J":2,"r":255,"g":17,"b":29,"a":255},
    {"I":-7,"J":14,"r":255,"g":17,"b":29,"a":255},
    {"I":12,"J":-6,"r":255,"g":17,"b":29,"a":255},
    {"I":18,"J":1,"r":255,"g":17,"b":29,"a":255},
    {"I":-6,"J":13,"r":255,"g":17,"b":29,"a":255},
    {"I":13,"J":-7,"r":255,"g":17,"b":29,"a":255},
    {"I":3,"J":-21,"r":255,"g":17,"b":29,"a":255},
    {"I":11,"J":-3,"r":255,"g":17,"b":29,"a":255},
    {"I":17,"J":4,"r":255,"g":17,"b":29,"a":255},
    {"I":-7,"J":16,"r":255,"g":17,"b":29,"a":255},
    {"I":12,"J":-4,"r":255,"g":17,"b":29,"a":255},
    {"I":18,"J":3,"r":255,"g":17,"b":29,"a":255},
    {"I":-6,"J":15,"r":255,"g":17,"b":29,"a":255},
    {"I":13,"J":-5,"r":255,"g":17,"b":29,"a":255},
    {"I":11,"J":-2,"r":255,"g":17,"b":29,"a":255},
    {"I":17,"J":5,"r":255,"g":17,"b":29,"a":255},
    {"I":12,"J":-3,"r":255,"g":17,"b":29,"a":255},
    {"I":18,"J":4,"r":255,"g":17,"b":29,"a":255},
    {"I":-6,"J":16,"r":255,"g":17,"b":29,"a":255},
    {"I":13,"J":-4,"r":255,"g":17,"b":29,"a":255},
    {"I":19,"J":3,"r":255,"g":17,"b":29,"a":255},
    {"I":-6,"J":17,"r":255,"g":17,"b":29,"a":255},
    {"I":13,"J":-3,"r":255,"g":17,"b":29,"a":255},
    {"I":19,"J":4,"r":255,"g":17,"b":29,"a":255},
    {"I":-4,"J":17,"r":255,"g":17,"b":29,"a":255},
    {"I":15,"J":-3,"r":255,"g":17,"b":29,"a":255},
    {"I":-20,"J":-4,"r":255,"g":17,"b":29,"a":255},
    {"I":0,"J":-24,"r":255,"g":17,"b":29,"a":255},
    {"I":16,"J":0,"r":255,"g":17,"b":29,"a":255},
    {"I":16,"J":1,"r":255,"g":17,"b":29,"a":255},
    {"I":16,"J":2,"r":255,"g":17,"b":29,"a":255},
    {"I":16,"J":4,"r":255,"g":17,"b":29,"a":255},
    {"I":15,"J":5,"r":255,"g":17,"b":29,"a":255},
    {"I":16,"J":3,"r":255,"g":17,"b":29,"a":255},
    {"I":1,"J":18,"r":255,"g":17,"b":29,"a":255},
    {"I":15,"J":17,"r":255,"g":17,"b":29,"a":255},
    {"I":-7,"J":-28,"r":255,"g":17,"b":29,"a":255},
    {"I":0,"J":19,"r":255,"g":17,"b":29,"a":255},
    {"I":-5,"J":-30,"r":255,"g":17,"b":29,"a":255},
    {"I":-6,"J":-29,"r":255,"g":17,"b":29,"a":255},
    {"I":19,"J":9,"r":255,"g":17,"b":29,"a":255},
    {"I":14,"J":2,"r":255,"g":17,"b":29,"a":255},
    {"I":20,"J":8,"r":255,"g":17,"b":29,"a":255},
    {"I":15,"J":1,"r":255,"g":17,"b":29,"a":255},
    {"I":-6,"J":-28,"r":255,"g":17,"b":29,"a":255},
    {"I":1,"J":19,"r":255,"g":17,"b":29,"a":255},
    {"I":-4,"J":-30,"r":255,"g":17,"b":29,"a":255},
    {"I":0,"J":20,"r":255,"g":17,"b":29,"a":255},
    {"I":-5,"J":-29,"r":255,"g":17,"b":29,"a":255},
    {"I":0,"J":16,"r":255,"g":17,"b":29,"a":255},
    {"I":19,"J":10,"r":255,"g":17,"b":29,"a":255},
    {"I":14,"J":3,"r":255,"g":17,"b":29,"a":255},
    {"I":20,"J":9,"r":255,"g":17,"b":29,"a":255},
    {"I":15,"J":2,"r":255,"g":17,"b":29,"a":255},
    {"I":0,"J":17,"r":255,"g":17,"b":29,"a":255},
    {"I":20,"J":10,"r":255,"g":17,"b":29,"a":255},
    {"I":15,"J":3,"r":255,"g":17,"b":29,"a":255},
    {"I":-8,"J":-28,"r":255,"g":17,"b":29,"a":255},
    {"I":-6,"J":-30,"r":255,"g":17,"b":29,"a":255},
    {"I":0,"J":18,"r":255,"g":17,"b":29,"a":255},
    {"I":-5,"J":-31,"r":255,"g":17,"b":29,"a":255},
    {"I":-7,"J":-29,"r":255,"g":17,"b":29,"a":255},
    {"I":-9,"J":-27,"r":255,"g":17,"b":29,"a":255},
    {"I":18,"J":9,"r":255,"g":17,"b":29,"a":255},
    {"I":13,"J":2,"r":255,"g":17,"b":29,"a":255},
    {"I":19,"J":8,"r":255,"g":17,"b":29,"a":255},
    {"I":14,"J":1,"r":255,"g":17,"b":29,"a":255},
    {"I":20,"J":7,"r":255,"g":17,"b":29,"a":255},
    {"I":15,"J":0,"r":255,"g":17,"b":29,"a":255},
    {"I":-6,"J":-31,"r":255,"g":17,"b":29,"a":255},
    {"I":-7,"J":-30,"r":255,"g":17,"b":29,"a":255},
    {"I":-8,"J":-29,"r":255,"g":17,"b":29,"a":255},
    {"I":-11,"J":-26,"r":255,"g":17,"b":29,"a":255},
    {"I":-10,"J":-27,"r":255,"g":17,"b":29,"a":255},
    {"I":-9,"J":-28,"r":255,"g":17,"b":29,"a":255},
    {"I":17,"J":9,"r":255,"g":17,"b":29,"a":255},
    {"I":18,"J":8,"r":255,"g":17,"b":29,"a":255},
    {"I":13,"J":1,"r":255,"g":17,"b":29,"a":255},
    {"I":19,"J":7,"r":255,"g":17,"b":29,"a":255},
    {"I":14,"J":0,"r":255,"g":17,"b":29,"a":255},
    {"I":20,"J":6,"r":255,"g":17,"b":29,"a":255},
    {"I":14,"J":-1,"r":255,"g":17,"b":29,"a":255},
    {"I":16,"J":9,"r":255,"g":17,"b":29,"a":255},
    {"I":-12,"J":-26,"r":255,"g":17,"b":29,"a":255},
    {"I":-9,"J":-29,"r":255,"g":17,"b":29,"a":255},
    {"I":-8,"J":-30,"r":255,"g":17,"b":29,"a":255},
    {"I":-11,"J":-27,"r":255,"g":17,"b":29,"a":255},
    {"I":-1,"J":-25,"r":255,"g":17,"b":29,"a":255},
    {"I":-7,"J":-31,"r":255,"g":17,"b":29,"a":255},
    {"I":-10,"J":-28,"r":255,"g":17,"b":29,"a":255},
    {"I":17,"J":8,"r":255,"g":17,"b":29,"a":255},
    {"I":12,"J":1,"r":255,"g":17,"b":29,"a":255},
    {"I":18,"J":7,"r":255,"g":17,"b":29,"a":255},
    {"I":13,"J":0,"r":255,"g":17,"b":29,"a":255},
    {"I":19,"J":6,"r":255,"g":17,"b":29,"a":255},
    {"I":13,"J":-1,"r":255,"g":17,"b":29,"a":255},
    {"I":20,"J":5,"r":255,"g":17,"b":29,"a":255},
    {"I":14,"J":-2,"r":255,"g":17,"b":29,"a":255},
    {"I":15,"J":9,"r":255,"g":17,"b":29,"a":255},
    {"I":16,"J":8,"r":255,"g":17,"b":29,"a":255},
    {"I":17,"J":7,"r":255,"g":17,"b":29,"a":255},
    {"I":12,"J":0,"r":255,"g":17,"b":29,"a":255},
    {"I":-13,"J":-26,"r":255,"g":17,"b":29,"a":255},
    {"I":-15,"J":-28,"r":255,"g":17,"b":29,"a":255},
    {"I":-10,"J":-29,"r":255,"g":17,"b":29,"a":255},
    {"I":-14,"J":-29,"r":255,"g":17,"b":29,"a":255},
    {"I":-9,"J":-30,"r":255,"g":17,"b":29,"a":255},
    {"I":-1,"J":-26,"r":255,"g":17,"b":29,"a":255},
    {"I":-16,"J":-27,"r":255,"g":17,"b":29,"a":255},
    {"I":-11,"J":-28,"r":255,"g":17,"b":29,"a":255},
    {"I":-12,"J":-27,"r":255,"g":17,"b":29,"a":255},
    {"I":-2,"J":-25,"r":255,"g":17,"b":29,"a":255},
    {"I":-8,"J":-31,"r":255,"g":17,"b":29,"a":255},
    {"I":18,"J":6,"r":255,"g":17,"b":29,"a":255},
    {"I":12,"J":-1,"r":255,"g":17,"b":29,"a":255},
    {"I":19,"J":5,"r":255,"g":17,"b":29,"a":255},
    {"I":13,"J":-2,"r":255,"g":17,"b":29,"a":255},
    {"I":20,"J":4,"r":255,"g":17,"b":29,"a":255},
    {"I":-5,"J":17,"r":255,"g":17,"b":29,"a":255},
    {"I":14,"J":-3,"r":255,"g":17,"b":29,"a":255},
    {"I":16,"J":5,"r":255,"g":17,"b":29,"a":255},
    {"I":15,"J":6,"r":255,"g":17,"b":29,"a":255},
    {"I":14,"J":7,"r":255,"g":17,"b":29,"a":255},
    {"I":-4,"J":-29,"r":255,"g":17,"b":29,"a":255},
    {"I":1,"J":20,"r":255,"g":17,"b":29,"a":255},
    {"I":-16,"J":-26,"r":255,"g":17,"b":29,"a":255},
    {"I":2,"J":19,"r":255,"g":17,"b":29,"a":255},
    {"I":-3,"J":-30,"r":255,"g":17,"b":29,"a":255},
    {"I":-15,"J":-27,"r":255,"g":17,"b":29,"a":255},
    {"I":-13,"J":-29,"r":255,"g":17,"b":29,"a":255},
    {"I":-14,"J":-28,"r":255,"g":17,"b":29,"a":255},
    {"I":-2,"J":-27,"r":255,"g":17,"b":29,"a":255},
    {"I":13,"J":9,"r":255,"g":17,"b":29,"a":255},
    {"I":14,"J":8,"r":255,"g":17,"b":29,"a":255},
    {"I":15,"J":7,"r":255,"g":17,"b":29,"a":255},
    {"I":16,"J":6,"r":255,"g":17,"b":29,"a":255},
    {"I":2,"J":20,"r":255,"g":17,"b":29,"a":255},
    {"I":-3,"J":-29,"r":255,"g":17,"b":29,"a":255},
    {"I":-15,"J":-26,"r":255,"g":17,"b":29,"a":255},
    {"I":-2,"J":-30,"r":255,"g":17,"b":29,"a":255},
    {"I":-14,"J":-27,"r":255,"g":17,"b":29,"a":255},
    {"I":-12,"J":-29,"r":255,"g":17,"b":29,"a":255},
    {"I":-13,"J":-28,"r":255,"g":17,"b":29,"a":255},
    {"I":-3,"J":-26,"r":255,"g":17,"b":29,"a":255},
    {"I":-1,"J":-27,"r":255,"g":17,"b":29,"a":255},
    {"I":13,"J":10,"r":255,"g":17,"b":29,"a":255},
    {"I":14,"J":9,"r":255,"g":17,"b":29,"a":255},
    {"I":15,"J":8,"r":255,"g":17,"b":29,"a":255},
    {"I":16,"J":7,"r":255,"g":17,"b":29,"a":255},
    {"I":-2,"J":-29,"r":255,"g":17,"b":29,"a":255},
    {"I":-14,"J":-26,"r":255,"g":17,"b":29,"a":255},
    {"I":-2,"J":-26,"r":255,"g":17,"b":29,"a":255},
    {"I":-13,"J":-27,"r":255,"g":17,"b":29,"a":255},
    {"I":-12,"J":-28,"r":255,"g":17,"b":29,"a":255},
    {"I":-15,"J":-29,"r":255,"g":17,"b":29,"a":255},
    {"I":-10,"J":-30,"r":255,"g":17,"b":29,"a":255},
    {"I":-16,"J":-28,"r":255,"g":17,"b":29,"a":255},
    {"I":-11,"J":-29,"r":255,"g":17,"b":29,"a":255},
    {"I":18,"J":5,"r":255,"g":17,"b":29,"a":255}
  ]
}
